year,municode,inc_m,ind_lang,educ_years,sales_hotel,logtemp,logprecip,dist_us_km
2000,1001,3367.053,.0039165,9.08799,171550,5.171715,3.796707,600.6931
2000,1002,2287.634,.0012442,6.795107,40,5.140995,3.656,557.6143
2000,1003,1786.198,.0027569,6.00036,687,5.169001,3.980089,616.0117
2000,1005,2559.55,.0015731,7.319565,361,5.147138,3.864694,597.9345
2000,1006,3021.914,.0003432,8.330784,378,5.149746,3.673766,573.9117
2000,1007,2555.663,0,7.991003,574,5.113169,3.660473,561.4097
2000,1011,3360.296,.0019324,7.784682,729,5.171446,3.648598,576.3932
2000,2001,4021.991,.0806629,8.21742,152591,5.162446,2.744925,262.4229
2000,2002,6460.129,.0075334,9.065122,302796,5.315036,2.188445,90.35691
2000,2003,4474.784,.0415555,7.776525,7259,5.007053,3.305918,18.29244
2000,2004,6635.611,.0162228,8.628374,405313,5.090562,3.170476,17.32809
2000,2005,4401.374,.0326569,7.491095,177998,5.088848,3.099243,33.43482
2000,3001,3551.035,.0085432,7.762643,4776,5.373656,2.423694,650.7513
2000,3002,3312.221,.0142615,7.903082,24630,5.324131,2.261853,492.9318
2000,3003,4219.844,.0152752,9.671778,144345,5.387354,2.870643,789.9294
2000,3008,7613.675,.016087,8.763183,1506780,5.408869,3.345755,873.3538
2000,3009,3754.957,.0116604,8.786673,67926,5.383173,2.851762,596.7263
2000,4001,1520.413,.6943465,6.92208,222,5.587586,4.40966,935.03
2000,4002,2578.781,.0929805,9.276073,46824,5.566114,4.591649,990.4945
2000,4003,4259.677,.0233262,8.387793,126836,5.573615,4.846581,1003.844
2000,4004,2120.49,.1385937,6.662966,1662,5.556522,4.647508,1013.561
2000,4005,1658.712,.6724007,6.946959,94,5.583246,4.475441,960.8386
2000,4006,1744.887,.5842935,6.887673,157,5.549512,4.47961,1050.23
2000,4007,2459.905,.016674,6.95851,349,5.582362,4.921728,999.5519
2000,4009,2766.323,.0807877,7.321841,2004,5.556773,4.665919,1064.802
2000,4010,2066.769,.3219554,6.880111,2340,5.523153,4.58571,1132.433
2000,4011,2007.012,.0716498,6.031805,821,5.563818,4.775238,1088.968
2000,5002,3792.111,.0056548,8.363089,15643,5.304298,3.295559,39.22199
2000,5003,4015.052,.0003029,8.304201,1201,5.368123,3.554075,57.10675
2000,5004,2575.019,0,7.224996,3558,4.956298,3.704712,194.0356
2000,5006,3141.259,0,8.559338,178,5.262745,3.261821,198.1734
2000,5007,4378.177,.0000619,10.06834,644,5.264252,3.114509,263.4797
2000,5009,2455.295,.0016188,7.754653,629,5.277693,3.044574,293.0301
2000,5010,4010.207,.0007714,9.133491,2325,5.374617,3.320088,188.0015
2000,5011,2231.984,0,7.192636,63,5.28839,3.349211,262.4789
2000,5017,2742.007,0,7.461998,167,5.354248,2.817125,376.8801
2000,5018,3997.314,.0025702,10.02239,63251,5.34958,3.455091,163.7008
2000,5019,3791.868,.0027978,8.398334,935,5.364463,3.550038,67.92961
2000,5020,3425.788,.0009402,8.411209,462,5.308534,3.570927,131.0172
2000,5023,2721.214,0,6.8027,2,5.239308,3.187115,114.3383
2000,5024,2837.213,.0012661,8.605306,9373,5.308723,3.236007,313.8021
2000,5025,3937.477,.0016237,9.033001,53642,5.37552,3.649301,6.60933
2000,5027,7170.586,.0012058,9.369883,2459,5.261642,3.17421,219.4536
2000,5028,4064.631,.0008033,8.890387,7289,5.379715,3.577146,92.10947
2000,5030,4274.63,.001984,9.673195,133557,5.202341,3.57548,253.3858
2000,5031,2962.467,0,8.539938,331,5.268637,3.458055,169.2828
2000,5032,3302.026,.0000767,9.605919,852,5.380629,3.707692,108.5039
2000,5033,2022.26,.0019696,7.190062,1298,5.322284,2.884996,321.9092
2000,5035,3911.229,.0018231,9.911421,121560,5.300534,3.108167,419.9297
2000,6001,1930.166,.0054849,6.05712,1744,5.55565,4.267243,956.6843
2000,6002,3453.518,.0062982,10.0479,36861,5.527216,4.326424,927.2944
2000,6003,2328.221,.004338,7.25764,74,5.384038,4.365111,907.9845
2000,6004,2233.032,0,6.978048,31,5.493625,4.435075,935.5384
2000,6005,2284.053,.0076518,7.634066,632,5.42784,4.463171,905.1138
2000,6007,3260.169,.0112921,8.04547,394123,5.536008,4.426968,960.2075
2000,6008,2831.87,.0078227,8.085439,11,5.37328,4.60568,924.2727
2000,6009,2621.719,.0109237,6.767241,12245,5.545277,4.123665,1027.323
2000,6010,3217.448,.0020209,9.143928,721,5.461382,4.440081,919.9224
2000,7002,1553.354,.0436143,4.741961,18,5.471618,4.504293,1128.036
2000,7003,1505.346,.0058585,5.659306,434,5.608948,5.475673,1264.851
2000,7004,5949.3,.531087,6.460776,227,5.324388,5.165961,1161.107
2000,7005,1239.324,.1723753,4.741372,18,5.436995,5.595628,1041.91
2000,7008,1785.432,.0908163,4.752748,301,5.373655,5.161285,1214.342
2000,7009,1652.727,.0185425,6.940322,3155,5.565639,4.946636,1116.374
2000,7012,1774.382,.0300373,5.903838,16,5.441632,4.446147,1074.598
2000,7013,1605.419,.460084,6.851911,667,5.321922,4.910055,1074.673
2000,7014,1316.454,.8870867,3.985924,9,5.376066,4.922499,1082.594
2000,7016,1774.636,.1057569,6.642101,46,5.591156,5.2155,1045.201
2000,7017,1621.191,.0494809,5.739204,1065,5.450202,4.518994,1069.953
2000,7018,819.1855,.1925926,3.976433,356,5.30351,5.019973,1056.667
2000,7019,2588.756,.0653622,6.917707,9227,5.160787,4.469446,1182.047
2000,7020,986.6549,.0927342,4.878239,73,5.430313,4.996832,1189.806
2000,7021,1559.486,.1369668,5.597126,65,5.409624,4.828333,1054.013
2000,7027,1760.073,.0072797,6.675246,656,5.456647,4.53969,1116.413
2000,7030,1387.548,.0018868,5.441386,56,5.444716,4.957513,1222.485
2000,7032,1559.055,.002109,5.88595,156,5.463457,5.43889,1259.788
2000,7034,1805.872,.1163092,6.210516,1135,5.485618,4.79964,1239.739
2000,7035,1515.309,.0073815,6.478632,90,5.620882,4.964082,1337.203
2000,7036,2111.396,.0192926,7.707792,26,5.047074,4.558602,1259.083
2000,7040,2183.762,.0112935,7.36949,1973,5.596095,5.482076,1287.786
2000,7044,2155.088,.1297209,7.521319,3,5.357546,4.768507,1097.202
2000,7047,1513.247,.6654389,6.246593,18,5.252764,5.068817,1070.787
2000,7048,1653.173,.0094609,5.096197,234,5.566026,5.512925,995.2915
2000,7049,1068.349,.9471858,4.94977,11,5.112317,4.912735,1091.772
2000,7051,1899.469,.0052083,5.078939,913,5.514743,5.340698,1236.468
2000,7052,1476.66,.4590685,5.653946,87,5.308715,5.182492,1194.346
2000,7057,4832.991,.0173526,7.69134,1058,5.257152,5.129791,1274.463
2000,7059,1198.371,.7543653,5.080273,2866,5.467527,5.341056,1183.003
2000,7060,910.0131,.9673333,2.962079,52,5.268717,5.198957,1044.459
2000,7061,1235.819,.0388746,5.365062,245,5.449422,4.597196,1071.806
2000,7062,1537.686,.062229,5.231123,114,5.514717,5.665367,1013.444
2000,7064,5204.439,.9562796,5.922356,5,5.138513,4.961179,1129.394
2000,7065,2012.595,.2371045,7.260454,39729,5.567542,5.302947,1087.247
2000,7066,866.0129,.912285,3.730747,155,5.409807,5.061344,1092.698
2000,7068,2606.696,.0220906,6.245768,1792,5.533937,5.723998,1012.035
2000,7069,1491.486,.0421351,5.248999,1103,5.54608,5.261295,1203.332
2000,7070,1818.816,.0518672,7.727468,4,4.971188,4.697145,1265.263
2000,7071,1636.486,.0117181,6.245739,365,5.605257,5.530159,1277.796
2000,7072,1285.666,.3425325,4.556368,70,5.244962,5.234252,1057.607
2000,7073,1446.059,.5072992,5.913361,26,5.236774,5.208666,1055.039
2000,7074,2754.855,.0221923,7.359698,590,5.571968,5.296257,977.1496
2000,7075,1238.987,.1445604,3.916758,335,5.245125,4.591078,1166.568
2000,7076,1128.24,.8279392,5.025901,202,5.452236,5.342303,1059.993
2000,7077,1027.85,.837386,5.34469,196,5.559888,5.47076,1068.898
2000,7078,2205.948,.3819683,7.848188,48928,4.99971,4.617341,1124.908
2000,7079,4368.228,.0286513,5.278067,2,5.413911,4.552181,1074.282
2000,7080,1556.186,.0087549,5,39,5.220967,4.864647,1245.309
2000,7081,1765.347,.5821786,5.183959,347,5.396916,5.064467,1077.261
2000,7087,1850.959,.0107298,6.165436,2152,5.634663,4.72437,1348.003
2000,7089,2430.971,.0105365,8.313057,86689,5.548638,5.403846,1314.515
2000,7091,1669.25,.2793752,5.846571,427,5.343552,5.363509,1049.089
2000,7092,1850.354,.2625349,5.39313,620,5.503886,5.288597,1031.988
2000,7094,1454.156,.4509988,4.88617,195,5.129279,4.66028,1140.351
2000,7096,1239.734,.9308533,4.723771,211,5.445878,5.468332,1060.174
2000,7097,1741.616,.0105789,6.5848,3071,5.561331,4.951572,1151.218
2000,7100,2243.802,.9594298,6.318912,9,5.455234,5.416906,1078.35
2000,7101,3217.85,.0413279,9.179221,89171,5.455824,4.396354,1095.017
2000,7102,1571.595,.0049081,6.200315,26,5.580252,5.592822,1322.911
2000,7105,1173.733,.0179801,5.535012,282,5.344879,5.746328,1310.198
2000,7106,1617.751,.1886603,4.92929,233,5.451738,4.684605,1160.49
2000,7107,1583.371,.0150342,5.440003,127,5.42472,4.793193,1157.157
2000,7108,1728.558,.0124444,6.591382,1489,5.437383,4.491026,1126.107
2000,7109,2041.65,.5953968,5.985126,1347,5.326867,5.343909,1087.035
2000,8001,2792.998,.003252,6.30542,2585,5.112978,3.067538,98.75993
2000,8002,3922.281,.0114831,7.287011,1074,5.199478,3.21781,121.4973
2000,8003,2911.391,.018227,7.081807,101,5.184678,3.549949,275.6094
2000,8005,3496.034,.0139453,7.839955,4394,5.1271,2.972168,50.32592
2000,8007,2754.573,.3857774,5.675491,288,4.972729,4.018581,373.8554
2000,8008,3354.834,.4722428,5.464767,1909,5.240874,4.249318,430.7786
2000,8009,2319.801,.1281035,6.462831,6856,4.753578,4.128685,361.2919
2000,8010,3535.444,.0053271,7.217865,374,5.08805,3.23188,176.0915
2000,8011,2857.192,.0036301,7.957139,6461,5.191072,3.313725,144.5254
2000,8012,2216.56,.2325368,5.403458,18,4.880012,3.838349,320.6446
2000,8015,3269.864,.0410156,5.518293,16,5.169328,3.160091,54.13015
2000,8017,3689.753,.024333,8.12342,15945,4.907276,3.611742,256.6332
2000,8019,5255.018,.0121917,9.79506,243036,5.072446,3.516192,180.4188
2000,8020,2586.194,.0937881,6.942159,30,5.289425,4.215778,429.8185
2000,8021,3441.68,.0075515,9.119127,20268,5.251461,3.219214,190.9964
2000,8025,2511.102,.0056566,7.203912,448,4.772225,3.791441,226.3392
2000,8027,2630.492,.5598919,5.231236,2497,4.942266,4.101244,383.6799
2000,8029,2515.343,.3094017,5.599616,293,5.072119,4.409345,454.4386
2000,8030,2679.14,.2666667,5.662162,189,5.193827,4.321172,437.0033
2000,8031,2633.026,.0924405,6.504959,915,4.847581,3.932587,326.5421
2000,8032,3267.446,.0175743,8.819448,17799,5.156042,3.687799,291.7552
2000,8034,3522.722,.0180033,7.166115,99,4.86058,3.595893,184.9861
2000,8035,3149.951,.0043934,6.675217,95,5.049725,3.404111,53.86575
2000,8036,2405.908,.0149373,7.72876,4409,5.20105,3.354208,235.8464
2000,8037,4670.608,.0111581,8.619112,272900,5.141583,2.900858,29.83639
2000,8040,2665.601,.029174,6.245722,3152,4.891408,4.02951,222.8222
2000,8042,2689.328,.0041152,6.440529,57,5.230715,3.233074,29.79134
2000,8043,4449.19,.0157005,6.980843,55,4.871799,3.760267,282.4521
2000,8045,2751.494,.0063322,6.865763,533,5.267958,3.252723,171.0442
2000,8046,4921.367,.2170022,5.342299,12,5.245628,4.409306,462.8443
2000,8047,2855.844,.042394,6.292746,150,5.212184,4.261801,352.6697
2000,8048,3653.71,.0079225,6.788074,704,4.89368,3.619892,240.995
2000,8049,3411.341,.0980392,5.468809,25,5.050584,3.743946,323.8865
2000,8050,3507.758,.0075362,7.716559,11163,5.076644,3.215709,100.1846
2000,8051,2298.619,.0375335,5.169725,5,4.946267,4.304515,352.6751
2000,8052,3311.055,.009925,7.809382,4048,5.241765,3.214197,24.07573
2000,8057,2632.049,.0273723,6.710728,126,5.025503,3.706103,290.3017
2000,8060,2780.021,.0093716,7.994054,156,5.086941,3.746324,326.62
2000,8062,3256.277,.0101444,7.073682,17,5.213838,3.30577,192.2582
2000,8063,2679.505,.0526316,5.75588,28,4.901044,3.977387,290.8563
2000,8064,1931.158,.0972763,5.330739,79,5.151269,3.75114,333.2595
2000,8065,1789.816,.6295408,4.350843,3519,5.176152,4.347182,431.1361
2000,8066,3522.319,.06743,6.292328,23,5.209073,4.25552,384.9513
2000,8067,2971.553,.0022642,6.597719,250,5.169783,3.540769,265.1195
2000,9002,3975.509,.0170174,10.16032,13874,5.061238,4.123672,723.0373
2000,9003,4787.434,.0330378,10.88252,31303,5.068812,4.161407,739.2578
2000,9004,5896.813,.033918,10.19754,5437,4.803833,4.555207,743.5779
2000,9005,3693.284,.0267022,9.72788,50041,5.041192,3.997429,719.3758
2000,9006,3701.343,.0260111,9.846143,27705,5.070924,3.930424,730.3591
2000,9007,3172.569,.0339491,9.006567,33360,5.05751,3.966135,734.6133
2000,9008,4148.483,.0382034,9.523796,15936,4.784265,4.542869,748.4042
2000,9010,5391.458,.0342855,10.0775,84407,4.924835,4.409865,740.6536
2000,9011,3312.168,.0213693,9.204825,4696,5.051076,4.014751,741.1616
2000,9012,4529.848,.0355429,10.25737,201345,4.801271,4.571519,754.4655
2000,9013,3419.604,.0417654,9.292537,4528,5.019183,4.219911,746.699
2000,9014,6516.323,.0294713,11.86979,129182,5.074416,4.089789,733.7304
2000,9015,5165.002,.0264872,11.18744,1885826,5.069057,3.989436,727.9906
2000,9016,6528.801,.0255167,11.3624,1361986,5.057155,4.151602,729.7402
2000,9017,4079.465,.0243112,10.0158,72308,5.0648,3.907361,726.7212
2000,10001,4034.293,.0219009,8.478386,162,5.026754,3.94006,519.366
2000,10002,3884.769,.0485437,7.438356,21,5.06997,4.663192,526.1182
2000,10003,2908.476,0,6.902439,2,5.115365,3.635947,459.8634
2000,10004,2419.671,.0059208,6.816912,591,5.217663,3.429811,474.5558
2000,10005,3612.851,.0088761,9.352908,67329,4.982902,4.077555,573.7804
2000,10007,2942.82,.0048386,8.512881,16117,5.347663,2.885396,359.3846
2000,10008,2644.673,.0024592,8.384829,914,5.119882,3.667669,509.8373
2000,10009,4785.97,.014742,6.807139,137,4.88911,4.031914,418.0973
2000,10010,2234.975,.0154578,6.804187,1,5.189585,3.525801,352.7612
2000,10011,14792.91,.0178571,6.34937,1,5.199972,3.620398,396.6577
2000,10012,3302.34,.0059835,8.321997,33645,5.316769,3.111896,388.4611
2000,10013,2075.09,.0142566,6.808548,545,5.278497,3.211448,323.6856
2000,10014,2467.041,.0581594,7.268667,30,5.149476,4.133635,664.959
2000,10015,2089.846,.0019795,7.143297,44,5.317536,3.250322,419.2454
2000,10016,2626.415,.0046755,8.340922,14,5.156476,3.691223,577.1539
2000,10017,2619.596,.0287196,7.537897,658,5.065085,3.778679,352.5288
2000,10018,2945.049,.0118367,8.749372,645,5.164228,3.64535,423.7854
2000,10019,3604.943,.0082547,7.467548,42,5.009937,4.47547,539.6793
2000,10020,2653.401,.007874,8.439791,84,5.132021,3.764447,505.9653
2000,10021,1855.14,.0103627,6.691255,157,5.243271,3.497431,469.3569
2000,10022,2091.41,.0129,7.553935,3,5.099523,3.733242,553.7315
2000,10023,2382.794,.0203507,7.250321,1280,5.115255,4.519343,646.4316
2000,10024,2168.351,.0061082,7.57328,203,5.300802,3.423892,436.1983
2000,10026,2805.94,.0154725,6.364885,281,4.991406,4.439266,578.0002
2000,10027,1643.482,.009539,4.883041,23,5.328609,3.287467,410.6261
2000,10028,2569.432,.0025907,7.38,20,5.267309,3.655566,475.0347
2000,10032,2991.279,.0161195,8.138454,2256,5.024975,4.27821,500.7053
2000,10034,3107.766,0,6.068988,298,5.323952,4.537345,550.5175
2000,10035,3768.368,.0051399,9.505248,396,4.94624,4.208054,471.6911
2000,10036,1882.756,.0070408,7.217129,33,5.290375,3.059576,292.7347
2000,10037,3221.06,.007767,7.608955,45,5.196374,4.514278,514.6111
2000,10038,3249.867,.0130192,8.921592,412,5.100088,3.7432,569.2704
2000,10039,2935.453,.0010684,7.196214,485,5.013028,3.844081,487.8527
2000,11001,2172.467,.0021455,6.421904,15574,5.300652,4.063028,692.5652
2000,11002,2307.312,.0076661,6.436316,2086,5.152403,4.159127,710.6647
2000,11003,3923.223,.0067252,6.767831,100853,5.184276,3.867703,620.8721
2000,11004,2319.328,.0057187,6.198707,86,5.167298,4.063423,666.0049
2000,11005,2464.717,.0078503,7.196199,110,5.227198,3.933064,651.9448
2000,11007,3286.928,.0061592,8.476897,76193,5.231179,3.980961,662.2541
2000,11008,2679.107,.0058224,6.253953,127,5.265624,4.147277,687.7116
2000,11009,2306.971,.0066434,6.814469,241,5.214488,3.991026,641.6798
2000,11010,1772.601,.0111272,6.067157,24,5.026604,4.242557,680.6693
2000,11011,2287.707,.0034072,7.239621,1279,5.198816,4.04986,679.3389
2000,11012,3057.264,.0019514,6.264082,225,5.277592,4.098053,689.0991
2000,11013,2726.452,.0022179,6.498673,60,5.125456,3.756489,583.9438
2000,11014,2491.7,.0091067,6.540195,4743,5.164959,3.831122,606.0271
2000,11015,3458.99,.0056228,8.943817,117254,5.113956,4.115025,631.2433
2000,11017,2962.298,.0085999,7.716063,21784,5.290849,4.037983,668.8583
2000,11018,1848.489,.0083172,5.886077,66,5.22656,4.058226,691.1674
2000,11019,5992.535,.0095714,6.008245,54,5.086504,4.206736,686.9896
2000,11020,3491.067,.0054843,7.802284,249624,5.188396,4.066514,635.4469
2000,11021,2886.315,.0039345,7.336315,6579,5.170055,4.171368,726.8876
2000,11022,2292.448,.0016944,5.688889,47,5.092545,3.814427,583.355
2000,11023,2157.954,.002704,6.094394,812,5.274166,4.190582,716.7014
2000,11024,2270.98,.0009158,6.798144,30,5.31768,3.999611,683.7323
2000,11026,2021.776,.0014857,6.211753,222,5.28025,4.05351,664.7453
2000,11027,3302.408,.0034575,8.190075,16500,5.258644,4.05744,668.3052
2000,11028,2435.849,.0090747,6.939008,1852,5.185632,4.107448,700.9435
2000,11030,2391.6,.0026088,6.291543,617,5.099663,3.84389,581.5674
2000,11031,4705.8,.0047197,6.605492,3260,5.263381,4.042369,663.1003
2000,11032,2600.671,.0047832,6.767688,2983,5.110394,3.825412,599.3513
2000,11033,2281.212,.0260497,6.208993,748,5.155443,3.739403,562.2014
2000,11034,2268.411,.0013387,6.570423,6,5.185583,3.812721,572.8067
2000,11035,2263.998,.0063492,6.189581,245,5.216253,4.063822,656.8398
2000,11037,3723.374,.0053741,7.260385,17146,5.230422,4.005373,644.6589
2000,11041,2433.552,.0064233,6.385619,1947,5.200085,4.108621,719.5178
2000,11042,2142.308,.0089944,6.153623,931,5.268604,4.052823,697.6314
2000,11044,2320.06,.0042187,7.528124,10,5.245356,3.984604,670.1942
2000,11045,4345.971,.0041124,6.705691,7,5.298853,3.933175,548.1948
2000,11046,2301.832,.0049074,7.020437,233,5.212121,4.132614,715.9844
2000,12001,3056.52,.0274696,8.581224,1685355,5.606668,4.648564,1007.946
2000,12003,2019.935,.0110005,6.131298,177,5.442904,4.693442,930.5314
2000,12005,1776.243,.3394118,6.261889,374,5.405612,4.200637,910.8435
2000,12006,2892.935,.0922904,7.489632,230,5.479422,4.442204,893.8124
2000,12007,2864.515,.0417579,7.577073,785,5.542911,4.542734,883.6786
2000,12011,2091.96,.0270637,7.343604,375,5.488791,4.817637,985.2343
2000,12012,1694.141,.3591549,7.03021,214,5.550779,4.970359,994.4125
2000,12013,1731.46,.1403181,6.467185,141,5.626321,4.700898,1017.043
2000,12014,1934.678,.0078244,7.16298,164,5.65758,4.442281,1012.89
2000,12015,2549.871,.0168426,7.125587,36,5.418542,4.571722,838.8107
2000,12016,1352.553,0,4.495233,30,5.554765,4.326912,926.8196
2000,12021,1589.789,.0133895,6.790407,660,5.539513,4.758416,997.0443
2000,12022,3264.876,.011775,5.726015,274,5.459656,4.643525,922.6699
2000,12023,2733.484,.0566293,5.753071,473,5.652986,4.568991,1040.813
2000,12028,1987.766,.1883502,6.289828,851,5.352546,4.590489,933.4565
2000,12029,2937.368,.0361767,9.700381,20033,5.419822,4.758924,960.8042
2000,12030,3781.589,.030866,6.999119,138,5.67104,4.519229,1024.474
2000,12032,2040.403,.0129741,6.214127,26,5.372997,4.617342,933.1365
2000,12033,1838.376,.063684,6.514178,385,5.427852,4.233058,892.6757
2000,12034,2214.608,.0481375,6.93339,184,5.490256,4.389793,859.824
2000,12035,2461.772,.0263348,8.421226,6493,5.530341,4.41534,868.1306
2000,12036,5434.81,.2251539,5.753321,11,5.571807,4.899325,1003.09
2000,12037,2000.879,.0269151,7.485075,15,5.321669,4.5714,847.9403
2000,12038,2769.231,.0232484,7.924536,773975,5.517799,4.600739,966.9335
2000,12039,2089.021,.0151476,7.929862,178,5.583157,4.77311,982.3474
2000,12040,1274.995,.00625,6.370334,1,5.295472,4.621322,937.4782
2000,12045,1764.409,.2006723,6.666667,171,5.423884,4.302562,886.968
2000,12046,1915.655,.4577569,7.101987,608,5.599619,4.814555,1017.037
2000,12048,2125.575,.0235772,6.450466,868,5.522174,4.670604,978.6781
2000,12049,1819.878,.0120219,6.546529,24,5.387364,4.556691,817.8257
2000,12050,3100.642,.0145195,7.75478,3813,5.641262,4.406006,885.1255
2000,12051,10103.32,.1177305,6.200356,14,5.463283,4.762867,957.8195
2000,12052,2488.427,.6530439,6.9,79,5.530606,5.032731,998.2245
2000,12053,1795.802,.0196769,5.588814,184,5.644594,4.624422,1017.162
2000,12055,2289.7,.033716,7.620736,47710,5.363881,4.57559,837.1788
2000,12056,2363.16,.0233899,9.379433,7,5.587857,4.851009,996.1533
2000,12057,2305.057,.0098323,6.549158,1119,5.524579,4.711544,989.0961
2000,12058,3450.715,.004857,7.172642,880,5.416924,4.524515,863.5074
2000,12061,1855.114,.2835568,6.995139,130,5.366302,4.435503,930.511
2000,12065,1897.232,.0619658,6.816594,22,5.363004,4.243851,917.3621
2000,12066,5079.56,.5554156,8.032318,1019,5.34653,4.340562,921.039
2000,12067,2174.487,.0251459,7.179069,647,5.605371,4.509225,887.7038
2000,12068,2157.792,0,5.838235,252,5.576642,4.412483,962.1888
2000,12071,835.1974,.9674346,3.496024,303,5.493961,4.989202,992.3283
2000,12073,3124.399,.001845,4.978926,288,5.54058,4.484577,904.596
2000,12075,2110.962,.2242828,5.774467,106,5.441691,4.252104,914.4534
2000,13002,1721.764,.3302331,5.434598,1164,4.972513,4.60191,630.8413
2000,13003,2375.047,.0726108,8.506627,2595,5.042731,4.012657,626.9274
2000,13004,1622.468,.0579521,5.867706,40,4.988193,4.574711,611.3231
2000,13005,2086.198,.0237718,7.574291,3043,5.045438,3.900219,652.2941
2000,13008,2134.344,.0125176,8.18092,663,4.913771,3.944061,682.1857
2000,13010,3259.691,.0175188,8.180007,174,5.09375,3.902097,663.3954
2000,13012,1884.072,.0270474,6.348315,192,5.044196,4.151552,617.7198
2000,13014,1672.239,.5735679,6.23555,238,5.321738,4.951474,555.5508
2000,13016,1811.539,.0204261,6.519646,55,4.897916,4.024212,651.1688
2000,13018,1177.834,.0699532,5.082751,40,5.388023,4.93134,541.7629
2000,13019,1594.701,.2571611,6.56416,1,5.111251,3.716201,635.7842
2000,13023,1765.144,.0512322,7.425799,120,5.088774,3.719512,640.5624
2000,13024,2227.355,.0216565,6.001944,15333,4.997034,4.154782,629.0817
2000,13028,1444.534,.7139663,5.760573,4100,5.47717,4.88439,529.6727
2000,13029,2152.491,.0071429,7.197516,691,5.076825,3.900971,642.7737
2000,13030,2724.554,.4884273,8.046834,2280,5.1199,3.712169,612.1926
2000,13031,1870.147,.0097778,6.220308,473,5.28844,4.325838,564.475
2000,13037,1807.845,.0311769,6.09802,36,5.086018,4.103498,598.0859
2000,13038,2028.635,.0506799,5.771831,289,4.91542,4.306606,633.598
2000,13039,2921.973,.0878872,8.033239,1440,4.775886,4.281994,640.5807
2000,13041,2392.142,.0241055,8.205435,321,5.117711,3.696787,643.711
2000,13042,1883.602,.0300445,7.496951,265,5.25615,4.681085,565.2399
2000,13046,1122.85,.8097696,4.873908,46,5.500108,4.905293,518.1279
2000,13048,3165.428,.043833,9.894673,43824,4.926001,3.960364,647.3002
2000,13050,1901.613,.0440019,7.443779,220,5.091925,3.710271,634.5867
2000,13051,3675.025,.0200408,10.462,884,4.948954,3.882834,650.6805
2000,13053,1132.064,.6648924,3.795236,45,5.224293,5.111418,596.9975
2000,13058,2053.461,.4265625,7.935545,66,5.201548,3.573628,616.6379
2000,13059,1384.101,.0601285,5.303739,464,5.200615,3.675371,624.9375
2000,13060,1358.309,.5428655,4.56288,70,5.101779,4.988875,610.9361
2000,13061,2734.883,.0079557,9.28232,1972,4.881032,3.959479,672.855
2000,13063,2713.119,.0449931,7.926695,1241,5.050193,4.10768,683.5797
2000,13065,2163.446,.0187852,7.272036,74,5.094754,3.824284,655.0828
2000,13066,1729.691,.0052612,7.397697,32,4.972943,4.039785,668.1787
2000,13067,1574.398,.0218945,6.74869,16,5.122393,3.818751,652.2888
2000,13068,1303.78,.3010537,4.957974,208,5.270762,4.812592,568.9046
2000,13069,2682.822,.0319904,7.93774,1793,5.022998,3.984392,678.2335
2000,13070,1958.268,.0115172,7.335886,510,5.108021,3.80412,654.5417
2000,13073,1164.154,.3637198,5.300803,142,5.331528,5.038259,544.2091
2000,13074,1661.224,.0060626,7.380033,142,5.121204,3.814859,659.3043
2000,13076,3131.379,.0146488,8.753904,10538,5.096784,3.98622,666.916
2000,13077,2315.281,.0422893,7.658697,12059,4.98439,4.010549,636.975
2000,13081,2100.203,.0681019,6.644649,170,5.076098,4.672497,583.9194
2000,13084,2094.395,.1419442,7.29015,4586,5.173563,3.884655,594.3228
2000,14003,6233.007,.002901,7.270751,182,5.237618,4.387469,796.9556
2000,14005,2956.244,.0039777,7.587104,192,5.39346,4.409021,771.1953
2000,14006,2667.769,.0098696,7.699774,1153,5.281955,4.333362,820.975
2000,14008,2661.266,.0024749,6.033006,2323,5.155797,4.314984,701.1641
2000,14009,3113.481,.0014528,7.239295,110,5.297933,4.437752,777.2201
2000,14010,2154.381,.0158817,6.270603,201,5.029754,4.320986,833.0795
2000,14012,3105.516,.0088626,7.349135,9,5.178271,4.569659,868.8487
2000,14013,2506.205,.0020393,6.092833,1169,5.259034,4.304469,734.0177
2000,14015,3094.794,.0069237,7.950748,5173,5.354363,4.472799,906.3511
2000,14016,2123.262,.0033346,5.911426,369,5.285935,4.283535,730.4775
2000,14017,3553.873,.0093431,7.131921,370,5.222369,4.584558,886.4442
2000,14018,2497.512,.0216343,7.284732,1592,5.297151,4.210084,751.2095
2000,14020,4549.18,.0092764,7.728801,216,5.464335,4.730927,926.4277
2000,14021,2333.533,.0116748,6.838695,415,5.479438,4.767651,928.5342
2000,14022,2624.61,.0271,7.245905,21066,5.539866,4.493063,966.6744
2000,14023,3084.159,.0057018,8.779263,4246,5.195229,4.117943,863.9943
2000,14024,2159.815,.0079595,6.934334,756,5.301062,4.276902,818.7498
2000,14026,2761.652,.0189841,5.674718,309,5.055388,4.373774,823.6888
2000,14027,2352.501,.0251932,6.515758,81,5.414514,4.738706,934.3333
2000,14030,3402.052,.003584,8.123089,31222,5.270318,4.186813,794.7273
2000,14032,2049.208,.0009699,6.367327,26,5.204925,4.341989,850.0102
2000,14035,2399.595,.0012756,5.69313,1197,5.184838,3.930639,619.318
2000,14036,2192.1,.0023117,7.851931,138,5.217708,4.31107,806.1315
2000,14037,2434.779,.0059199,7.510503,544,5.425361,4.323809,894.1582
2000,14039,3946.448,.0081198,9.606017,528395,5.282672,4.347742,764.1101
2000,14043,3640.379,.005951,6.543217,88883,5.536905,4.501158,960.5408
2000,14044,3056.767,.001534,7.244979,38,5.262439,4.236325,783.3641
2000,14045,2343.515,.008434,6.633457,99,5.24289,4.284758,737.4913
2000,14046,2386.293,.0059335,6.123504,517,5.223133,4.051745,669.4417
2000,14047,2371.113,.007199,6.422192,202,5.280675,4.191236,767.1827
2000,14049,1875.328,.0098749,5.445965,53,5.538839,4.349545,870.0427
2000,14050,2757.102,.0025171,6.623381,7634,5.171447,4.178612,802.1437
2000,14052,1796.318,.0052539,6.43075,22,5.365332,4.159805,861.7848
2000,14053,2808.363,.0063927,7.095728,10235,5.155277,3.938787,609.9633
2000,14054,2051.238,0,6.637661,21,5.450799,4.303309,884.9461
2000,14055,2747.616,.0008091,7.13553,361,5.270835,4.302091,785.9247
2000,14056,3322.772,0,6.806646,18,5.458927,4.517075,848.2739
2000,14057,2619.798,.0056075,6.869275,27,5.097549,4.289303,813.2905
2000,14058,2541.549,.0003174,7.577713,440,5.235435,4.591916,865.901
2000,14059,2870.249,.0093803,7.219219,2140,5.083605,4.373365,823.7686
2000,14060,1730.319,.0146223,6.05341,22,5.212909,4.017871,676.9105
2000,14063,2927.273,.0039554,7.471544,5231,5.293487,4.26933,757.66
2000,14064,2576.195,.0092033,7.295558,287,5.101409,3.803169,571.1539
2000,14065,2161.932,.0061561,5.728226,106,5.4667,4.512194,911.7722
2000,14066,2676.202,.0036104,6.4498,120,5.277319,4.206266,778.5068
2000,14067,4176.97,.0140433,8.852694,2039598,5.503589,4.67262,879.5366
2000,14068,2720.583,.0246976,7.15983,170,5.459241,4.846642,925.9437
2000,14070,3875.764,.0075953,8.776689,4150,5.289342,4.299927,771.7923
2000,14072,2456.891,.0011848,5.592953,926,5.185311,4.106339,668.2488
2000,14073,2852.936,.0057334,6.308861,14504,5.212733,4.067593,651.9613
2000,14074,3104.405,.0025614,6.431715,297,5.153662,4.119632,672.0005
2000,14075,1934.299,.0045455,6.602975,80,5.266626,4.171314,806.2169
2000,14076,3040.785,.0330969,7.077586,16,5.291262,4.087866,711.4706
2000,14077,2306.912,.0091525,7.689554,36,5.307442,4.322546,818.2701
2000,14078,3152.507,.0025957,6.645876,1521,5.16028,4.153986,682.9424
2000,14080,2919.572,.0017857,7.260287,117,5.378508,4.466815,844.2524
2000,14082,2474.147,.0059928,7.710719,334,5.212369,4.181214,854.2823
2000,14083,2866.187,.0034777,7.275537,225,5.293108,4.351275,791.0037
2000,14084,2243.465,.0042452,6.353282,2720,5.32564,4.773713,898.7054
2000,14085,2992.928,.0200689,7.596278,1036,5.271394,4.458801,849.1376
2000,14086,1861.612,.0052377,6.342734,995,5.053188,4.309063,855.7386
2000,14087,2150.61,.0002101,6.342111,112,5.315173,4.570976,894.8884
2000,14088,2293.711,.0108669,7.000742,1020,5.227687,4.346277,842.5685
2000,14090,2473.81,.0010858,7.69911,20,5.289829,4.33303,861.2203
2000,14091,2371.073,.0018922,6.327278,319,5.203171,3.971934,645.7585
2000,14092,2024.016,0,6.722248,45,5.22397,4.106787,817.5789
2000,14093,3022.283,.0049161,6.866889,4101,5.2038,4.261226,717.3965
2000,14094,2577.563,.0044341,7.259083,448,5.284722,4.296568,752.2343
2000,14095,2445.221,.00271,6.731002,42,5.318297,4.396281,793.3915
2000,14096,2491.316,.0102704,6.099161,86,5.188087,4.195221,801.9858
2000,14097,3012.05,.0052872,7.498859,8778,5.238008,4.262601,786.9095
2000,14098,3400.038,.0081617,8.148451,55064,5.278153,4.31839,772.8073
2000,14100,2414.002,.0082442,5.808894,4750,5.538113,4.566831,939.8581
2000,14101,3087.483,.0083247,7.608466,843,5.284339,4.314309,762.681
2000,14104,2641.305,.006993,7.169653,557,5.183312,4.044287,660.6087
2000,14105,2861.868,.0084047,6.479656,141,5.277822,4.295559,744.2949
2000,14107,2393.19,.0083333,6.392058,72,5.172608,4.198907,808.3321
2000,14108,9693.852,.0088183,7.937027,187,5.31135,4.416651,883.3651
2000,14109,2008.18,.0070575,5.059161,105,5.204772,4.010365,648.7974
2000,14110,2284.383,.0044572,7.621986,340,5.308357,4.330113,880.4979
2000,14111,2747.723,0,6.686374,52,5.214911,4.117795,691.717
2000,14112,2837.824,.0084746,5.816468,580,5.112643,4.442356,824.564
2000,14113,2217.913,.0052588,6.701774,79,5.195396,4.236462,876.4543
2000,14114,2766.232,.001969,7.6585,1540,5.274358,4.219136,811.9561
2000,14115,2313.984,.0035778,6.192096,250,5.25393,4.035237,669.2693
2000,14116,2959.59,.0008776,6.739572,879,5.169828,3.976245,630.6125
2000,14117,2378.632,.0022099,5.285554,25,5.216313,4.034473,683.7421
2000,14118,2505.341,.0088767,6.616649,508,5.176847,4.118829,698.6707
2000,14119,2112.225,.0099227,7.224462,271,5.250823,4.088173,817.9564
2000,14120,4196.388,.0142919,9.270859,447457,5.266009,4.370022,762.6319
2000,14121,2464.971,.0051957,7.271661,105,5.324446,4.33035,863.9251
2000,14122,6685.203,.0029211,6.450199,6,5.313573,4.212325,895.7986
2000,14124,2941.969,.0059379,6.413642,654,5.240205,4.271536,751.7821
2000,15001,1936.67,.3272026,7.519909,52,4.907405,4.172802,691.3523
2000,15003,3815.896,.0579268,9.417652,160,4.99945,4.105133,675.2718
2000,15004,4373.77,.0276858,9.255644,46,5.155693,4.653708,812.0919
2000,15008,3158.463,.0230469,8.433792,61,5.439068,4.719841,837.5577
2000,15009,5449.551,.0207137,8.531538,411,4.722409,4.421886,752.1776
2000,15010,4756.262,.0357112,9.911141,21,5.029656,4.041906,668.8115
2000,15011,2274.709,.0258523,8.361563,250,5.033991,3.875523,711.3156
2000,15013,3772.932,.03371,9.010796,2563,5.019959,4.187039,716.8962
2000,15014,3981.742,.0663882,9.656893,5760,4.922434,4.220012,708.3374
2000,15019,3408.294,.0174618,8.608161,552,4.907797,4.424574,759.2762
2000,15020,3430.208,.0155629,10.06418,7375,5.014195,4.024521,705.9521
2000,15021,2476.913,.0013767,6.050058,234,5.003371,4.634313,797.9348
2000,15023,2504.608,.0236887,7.766608,1,5.030656,4.065888,691.8817
2000,15025,2349.038,.0327144,8.088722,2285,4.932555,4.158712,740.3163
2000,15026,1735.055,.1911403,6.524368,19,4.923554,4.289821,697.4451
2000,15029,2221.464,.0233168,7.753047,2148,5.003636,3.920296,725.0802
2000,15030,2347.755,.0340502,8.565755,145,5.01976,3.89182,708.6851
2000,15031,2219.114,.0628078,7.242728,379,5.037198,3.875907,724.3489
2000,15032,2627.796,.1171758,5.729744,40,5.004792,4.456007,769.8171
2000,15033,2793.919,.0285579,8.637276,23059,5.032336,3.924944,710.1478
2000,15039,2711.109,.0209988,8.369062,3650,4.791835,4.208953,729.5676
2000,15040,2421.299,.0123667,6.833677,66724,5.244096,4.563344,804.7888
2000,15041,2006.878,.0360169,6.843182,72,5.183772,4.406623,778.6843
2000,15042,2081.726,.2997665,7.310028,225,4.947422,4.21073,730.5748
2000,15043,2680.002,.0252597,7.50572,100,4.658475,4.585402,761.4005
2000,15045,2638.085,.012045,7.459266,746,4.956923,4.205997,678.5104
2000,15047,1749.956,.1215983,6.631458,51,4.893595,4.348319,725.5426
2000,15051,3724.369,.0336606,9.061779,7451,4.869751,4.431641,745.7784
2000,15052,1943.785,.0142831,6.963392,619,5.295005,4.465908,795.8062
2000,15054,4670.097,.0206975,9.938403,63571,4.919285,4.242525,759.5953
2000,15057,3804.488,.0449407,9.188413,41330,4.977441,4.328234,727.4236
2000,15058,2891.31,.027461,8.726048,25954,5.055659,3.862943,725.9184
2000,15060,2558.875,.023386,7.64983,1202,4.921531,4.369624,713.8899
2000,15063,2237.271,.0074084,6.661033,230,5.006994,4.553442,781.4338
2000,15064,2284.742,.2922346,7.670954,41,4.864997,4.276505,715.4562
2000,15065,1830.074,.0091753,6.651728,100,4.91892,3.967391,692.9431
2000,15068,1773.1,.0039917,7.522418,96,5.065699,4.460854,764.8888
2000,15069,2420.949,.0140023,8.596633,417,5.011968,3.89182,707.4611
2000,15070,3893.419,.0368872,8.194399,10177,5.015262,3.919387,730.873
2000,15071,1973.354,.0099139,6.795028,210,5.058353,4.081602,663.6238
2000,15072,1981.347,.0082127,7.341209,1,4.925077,4.317488,770.4998
2000,15074,3829.815,.3196275,5.64355,205,4.875651,4.269636,728.5375
2000,15077,2454.899,.0049322,7.558322,28,5.176644,4.677549,802.1537
2000,15078,1876.589,.0424766,6.417549,20,5.318558,4.439202,787.557
2000,15080,2690.956,.0096783,6.568418,79,5.290287,4.732172,826.202
2000,15081,2574.62,.0257433,8.478876,1181,5.02469,3.919686,694.5978
2000,15082,2452.638,.0025958,6.473869,1334,5.369438,4.760174,817.8812
2000,15085,1860.353,.1315326,6.609227,153,4.952363,4.216576,701.3049
2000,15086,2111.548,.0007041,6.053704,409,5.005375,4.59736,789.7547
2000,15087,1649.342,.377183,6.25167,714,4.855832,4.340553,734.9693
2000,15088,3266.21,.0076511,7.848266,620,5.083169,4.564858,788.8195
2000,15090,2245.618,.0036503,7.631031,385,4.787266,4.458575,778.3334
2000,15091,2212.575,.0313182,7.550577,788,5.043727,3.97939,693.9133
2000,15092,2712.76,.0223897,8.282032,6509,4.996543,3.909247,694.0145
2000,15093,1995.716,.0112858,7.91968,32,4.894824,4.010671,704.5027
2000,15094,3073.728,.0148148,7.494298,37,5.077486,4.461428,766.6923
2000,15095,2789.84,.0211032,8.351325,3990,5.006701,4.185473,701.3859
2000,15096,2233.932,.0029342,7.382218,135,5.037911,4.037621,677.3725
2000,15097,9028.23,.0057192,5.983857,144,4.955751,4.712577,803.001
2000,15098,1826.529,.0347448,7.994413,70,4.908412,4.391827,769.7059
2000,15099,2801.324,.0243644,9.106936,3587,4.865143,4.071788,716.3871
2000,15101,2840.736,.0135173,8.379803,101,4.784421,4.52353,766.9
2000,15102,2080.805,.0476356,7.365482,1520,4.910088,4.239345,695.623
2000,15103,2460.853,.0079993,8.949727,351,4.661579,4.385715,743.0959
2000,15104,3734.648,.0283395,9.57405,103706,5.040868,4.089471,716.7257
2000,15106,5687.092,.0545756,9.55346,68929,4.832074,4.30837,758.4082
2000,15107,2382.552,.001938,6.891106,2786,5.332458,4.580822,810.4827
2000,15109,3055.776,.0225261,8.968491,3075,5.032943,4.031149,707.2993
2000,15110,2345.346,.0191842,7.22343,35779,5.104844,4.49566,783.7531
2000,15111,2040.838,.0461192,5.583217,39,4.877659,4.452134,761.0034
2000,15112,2144.345,.0059572,7.373547,143,4.928122,4.346069,706.3438
2000,15113,2223.524,.0018101,5.447776,27,5.064944,4.569563,792.277
2000,15115,4356.832,.0407169,8.245765,143,4.840291,4.42802,737.1946
2000,15116,2645.213,.002008,6.559596,22,5.313918,4.599976,799.0073
2000,15117,2170.377,.0085575,7.332219,295,5.279731,4.655167,822.873
2000,15118,2527.448,.0169662,7.668076,408,4.68252,4.399975,769.5367
2000,15120,2496.142,.014535,8.145285,253,5.036259,3.954455,685.5952
2000,15121,3734.608,.0151403,9.696603,11965,5.046398,4.032606,706.0572
2000,15122,2339.793,.0589236,7.007204,383,5.05604,3.97333,740.0301
2000,16002,2826.716,.0084649,5.315536,1605,5.458989,4.488272,920.2603
2000,16004,1755.383,.006689,5.770678,110,5.283187,4.166257,740.2853
2000,16005,2166.73,.0029791,8.418426,855,4.812184,4.423648,739.8149
2000,16006,3960.021,.0042867,6.556752,11593,5.58976,4.208389,890.2268
2000,16008,2874.218,.2404917,5.759311,241,5.516587,4.470904,981.3628
2000,16009,2011.231,.0011819,6.542403,286,5.230852,4.582503,839.7928
2000,16010,2501.431,.0047244,6.261595,465,5.515055,4.330233,943.0612
2000,16012,3493.887,.0010684,5.084535,22,5.591588,4.172013,869.6714
2000,16014,2213.828,.0115105,6.600554,289,5.547522,4.353611,962.656
2000,16015,3234.889,.0084466,7.042578,1170,5.313345,4.668576,944.1437
2000,16017,4817.483,.0077678,6.694032,187,5.009638,4.226173,702.2459
2000,16019,4222.275,.0084605,5.940221,44,5.155797,4.422931,819.098
2000,16025,1731.151,.43446,5.828689,48,5.051996,4.492983,788.0119
2000,16030,2109.165,.0180492,6.226171,53,5.267128,4.276963,759.2531
2000,16034,2268.329,.0080603,5.852732,2736,4.991769,4.59393,753.7107
2000,16035,2297.63,.0024639,5.944932,194,5.614876,4.106432,880.3245
2000,16036,2570.297,.0003818,6.68285,96,5.169205,4.14999,737.2051
2000,16038,2670.725,.0055458,6.611218,1015,5.61959,4.324526,868.4299
2000,16042,1794.306,.0134663,5.116071,1,5.28028,4.20557,766.806
2000,16043,2364.312,.0469345,6.171359,7923,5.199504,4.345121,784.5461
2000,16045,2567.673,.0086871,7.540156,2697,5.123479,4.256467,800.0562
2000,16046,3612.528,.0013509,6.209217,7,5.356881,4.417745,780.236
2000,16047,2092.096,.0105964,5.461464,36,5.266357,4.345261,767.2314
2000,16049,1699.182,.005823,5.354018,11,5.253992,4.561442,799.4612
2000,16050,2302.767,.0002065,6.763869,1344,5.057641,4.29814,716.4572
2000,16051,3049.493,.0020167,6.644477,823,5.096887,4.234056,803.9534
2000,16052,3177.79,.0266624,7.788538,29546,5.578434,4.464248,975.4178
2000,16053,3214.778,.0117543,9.533833,190117,5.091898,4.365854,770.7228
2000,16055,2246.191,.0114961,6.107273,568,5.647752,4.050697,875.2253
2000,16057,2240.929,.0355556,5.783019,12,5.523347,4.487376,826.8271
2000,16058,1926.458,.0368072,6.306247,475,5.006288,4.63453,833.1558
2000,16061,1952.085,.0067513,5.789239,35,4.889973,4.430287,746.2355
2000,16064,2413.479,.0045993,5.642449,35,5.618386,4.145224,869.3875
2000,16065,2072.777,.3820319,6.558286,355,4.959688,4.567667,803.1155
2000,16066,2263.264,.0648729,7.757547,24993,4.983911,4.568403,800.8997
2000,16068,13518.44,.0137922,6.001611,16,5.198577,4.616674,834.6819
2000,16069,2490.852,.0080604,7.680191,17579,5.279313,4.271719,736.8783
2000,16070,2260.131,.03964,6.689312,169,5.066726,4.421734,773.7652
2000,16071,2077.102,.0083668,6.191674,1696,5.202698,4.220554,734.5965
2000,16072,2689.44,.0018643,6.892776,78,5.014252,4.506985,747.8231
2000,16073,1732.329,.2198005,5.437479,300,5.002588,4.48214,777.981
2000,16075,2265.747,.16719,6.508041,1224,5.078205,4.545235,816.3569
2000,16076,2623.129,.0098268,6.664118,2433,5.179363,4.203747,793.0609
2000,16077,2254.352,.0026434,5.856821,767,5.630234,4.415593,866.1793
2000,16079,1970.999,.0019434,5.843018,1196,5.027656,4.607063,815.9506
2000,16082,1943.011,.0121627,5.9265,1029,5.194708,4.596237,819.5497
2000,16083,2197.331,.0099696,4.67469,257,5.078531,4.634927,847.0181
2000,16084,1964.16,.4641761,5.573028,222,5.104615,4.380622,794.847
2000,16085,1989.093,.0351224,6.194043,344,5.093699,4.438251,788.1303
2000,16086,2846.978,0,7.335612,48,5.306403,4.224975,753.2005
2000,16089,2499.12,.0090991,5.939212,864,5.612278,4.23161,895.1227
2000,16091,2156.89,.0482503,5.71038,32,5.101802,4.419572,807.4399
2000,16092,2886.198,.0132855,5.961524,37,5.550969,4.542107,815.7075
2000,16093,1528.186,.0028286,6.832417,411,4.860906,4.330242,720.9053
2000,16096,2375.449,.0137575,4.181314,42,5.406142,4.49438,933.4151
2000,16097,1757.367,.023372,4.837465,46,5.495111,4.41244,851.3204
2000,16098,1822.754,.0021039,6.051027,866,5.097392,4.372932,752.0539
2000,16099,1736.252,.0058203,5.16494,48,5.4938,4.491574,792.6423
2000,16102,2591.137,.0633387,8.000434,46542,5.138775,4.647947,826.0606
2000,16105,2904.402,.0036155,7.095949,40,5.292984,4.177818,758.3287
2000,16106,2491.484,.0054802,7.669136,329,5.304209,4.250506,743.8052
2000,16107,2736.97,.018823,8.794756,1755,5.04347,4.408173,776.4556
2000,16108,2939.925,.0144643,8.05327,19706,5.265475,4.288261,772.4576
2000,16110,1866.482,.0033106,5.765943,6109,5.045538,4.385071,730.0907
2000,16111,2042.075,.0089657,5.912926,2706,5.241961,4.69855,819.9304
2000,16112,2135.452,.0420577,7.416459,6035,5.056186,4.385735,761.2045
2000,17003,2550.094,.021422,6.008776,152,5.49897,4.199391,817.8027
2000,17004,2027.114,.0751605,6.803015,79,5.465367,4.275354,801.1579
2000,17006,2477.073,.0498628,8.200905,22431,5.436936,4.307038,788.3855
2000,17007,3327.837,.0188269,9.787601,179985,5.275674,4.44084,783.6522
2000,17008,2321.098,.0166319,7.32817,157,5.43263,4.33308,795.1488
2000,17011,2851.342,.0153345,8.753835,71269,5.39207,4.385787,787.1163
2000,17012,3158.684,.0141576,9.146097,21616,5.515604,4.296594,820.5429
2000,17013,2258.152,.0181627,7.621278,124,5.450699,4.245232,803.7211
2000,17015,2033.975,.019703,7.164184,52,5.430392,4.369826,800.5366
2000,17017,2405.861,.0445419,7.726251,983,5.497747,4.383079,823.0253
2000,17018,2247.842,.0525855,7.298091,3247,5.417032,4.376568,794.2261
2000,17019,1595.987,.0124726,6.016571,6330,5.464157,4.228114,814.9738
2000,17020,2472.27,.051835,8.487536,20642,5.217332,4.450685,775.3515
2000,17022,1871.922,.0933282,7.245306,49,5.007323,4.608445,775.6022
2000,17024,1801.571,.0114167,6.404455,1516,5.481638,4.261881,805.2479
2000,17025,1927.177,.0324074,6.689585,51078,5.502144,4.235378,826.7904
2000,17026,1804.282,.1190898,6.67194,67,5.299276,4.371354,775.4591
2000,17027,1676.657,.0420729,6.836861,10,5.133128,4.416589,769.2491
2000,17028,2011.944,.0288922,7.123905,1671,5.471423,4.285641,802.0072
2000,17029,2100.022,.0192103,7.425491,152479,5.434595,4.331349,786.1658
2000,17031,3766.839,.0183102,9.492086,284,5.499029,4.251089,812.8873
2000,18001,2226.046,.0233039,8.012074,2012,5.447138,4.648076,744.8995
2000,18002,2183.794,.0339115,8.225,315,5.38173,4.330362,811.459
2000,18003,1934.664,.0034807,6.906217,139,5.375569,4.257395,815.4547
2000,18004,2299.164,.0067405,6.876304,51349,5.466159,4.640025,838.562
2000,18006,2423.776,.0219268,7.892019,1622,5.320228,4.256989,793.6143
2000,18007,1759.796,.0118824,7.163002,50,5.299487,4.341242,787.4917
2000,18008,2372.108,.027006,7.9806,563,5.36487,4.672652,811.5101
2000,18009,2156.506,.7975538,6.512029,110,5.330171,4.408097,733.3698
2000,18011,1849.071,.0771365,6.716336,721,5.457196,4.732312,767.0042
2000,18012,2296.179,.0320377,6.265939,4038,5.497123,4.775469,838.2446
2000,18015,2042.327,.0133776,7.070869,1560,5.515141,4.779429,804.9319
2000,18016,2225.658,.0087053,7.372521,1504,5.508081,4.472323,765.6891
2000,18017,3072.72,.0272663,9.934728,60788,5.415237,4.622182,784.9207
2000,18018,1997.69,.0021164,7.280435,1110,5.512361,4.641181,801.5274
2000,18020,2740.438,.0288257,6.74436,517794,5.513873,4.627641,876.4874
2000,19005,3046.691,0,7.717188,1041,5.413296,3.61046,46.62162
2000,19006,4207.949,.0063684,9.558725,44414,5.410471,3.957654,127.7895
2000,19007,2728.456,0,7.282565,834,5.16682,3.909599,252.5939
2000,19008,3851.04,0,7.3137,246,5.346777,3.635021,121.1855
2000,19009,4523.23,.0112876,8.617298,5096,5.420254,4.139616,126.9598
2000,19011,3835.266,.006688,7.428403,370,5.38778,4.011463,70.86005
2000,19013,3552.833,0,7.836581,561,5.452336,3.951508,88.6861
2000,19014,2577.68,.0043271,8.388803,399,5.194376,3.518392,305.4297
2000,19017,3775.388,.0033319,7.98988,431,5.089585,3.604057,222.9077
2000,19019,6783.362,.0293413,10.54094,257617,5.305709,3.720889,152.6113
2000,19020,7841.209,.0015182,6.80341,175,5.449003,3.925346,50.9813
2000,19021,3607.065,.0067656,8.596885,2453,5.37802,3.718097,140.7318
2000,19024,2773.894,0,7.821983,73,4.998751,4.15624,278.9303
2000,19026,4211.79,.0054242,9.348936,8243,5.381673,4.015735,137.1403
2000,19030,4532.839,0,9.321968,20,5.191685,3.979617,208.476
2000,19032,4107.626,0,7.912746,120,5.406385,3.605909,91.70655
2000,19033,2791.433,.0025076,8.232003,5072,5.398679,4.130256,175.2134
2000,19038,3469.17,.0028756,8.642691,1316,5.368872,4.196408,157.7286
2000,19039,4991.722,.0100127,10.32651,659569,5.341011,3.889217,147.3989
2000,19041,3314.786,.0092208,6.968186,187,5.424872,4.049131,114.5368
2000,19042,2980.955,.0034317,6.408391,60,5.436782,3.992321,96.21874
2000,19043,3873.761,0,6.11353,83,5.149766,3.937199,180.0752
2000,19044,3429.796,0,8.550849,2146,5.403664,3.845665,85.30135
2000,19046,4555.997,.0050509,10.12874,89641,5.398333,3.894368,138.3464
2000,19048,4668.235,.0036302,9.62876,6781,5.115459,3.663627,165.9655
2000,19049,3591.689,.0131631,8.602637,8073,5.162415,4.111201,160.3166
2000,19051,2791.204,0,6.835584,64,5.346608,3.711267,108.1458
2000,20002,1622.581,.5064154,5.419747,189,5.543195,5.20133,818.8141
2000,20006,2703.264,.201535,8.999127,349,5.094597,4.020993,925.4559
2000,20012,1535.871,.4277286,5.392261,40,5.482567,4.751135,1100.659
2000,20014,2074.785,.3867631,7.91791,1195,5.560401,4.295015,1043.793
2000,20021,1505.125,.1221149,5.557709,55,5.512463,5.281451,803.5089
2000,20023,2050.501,.0338017,7.543678,28,5.294226,4.081203,975.9095
2000,20025,1578.166,.1424483,5.634551,50,5.596197,4.714025,1105.226
2000,20026,1730.994,.5256534,6.845544,15,5.022185,4.562975,976.4426
2000,20028,2241.665,.042747,6.96176,100,5.283614,4.065504,1021.768
2000,20030,2434.183,.6078323,6.858745,305,5.607825,4.286082,1061.856
2000,20038,1424.381,.861678,4.267016,27,5.203064,4.824994,963.1354
2000,20039,2834.308,.0888177,8.659575,4664,5.243252,4.107855,881.0977
2000,20041,2955.922,.9617848,4.551072,445,5.176025,5.449615,850.2947
2000,20042,1955.059,.4750693,7.296454,52,5.198505,5.193235,926.741
2000,20043,1884.688,.7834596,6.564136,9051,5.604362,4.390393,1073.705
2000,20044,1656.265,.05901,5.518121,1446,5.545545,5.086767,877.6178
2000,20055,1743.157,.0159046,6.653244,6,5.413405,4.161917,886.3008
2000,20057,2056.26,.21734,7.234515,2060,5.5173,5.330936,988.7075
2000,20059,2522.899,.1671804,7.537121,842,5.247761,4.104017,1049.845
2000,20067,2991.498,.1195089,9.863653,224212,5.213411,4.113475,965.9087
2000,20068,2406.404,.0996625,7.530801,68,5.306953,4.032734,1003.685
2000,20070,2965.409,.7428924,6.735294,20,5.568721,5.010635,1042.521
2000,20071,1246.959,.1308186,4.3772,80,5.443491,4.969202,1099.158
2000,20073,2556.132,.3588391,7.05832,812,5.401758,4.804906,976.3103
2000,20079,3020.599,.1406287,8.345191,12138,5.614092,4.272026,1087.538
2000,20083,2071.997,.1685649,7.208817,115,5.221875,4.059365,978.387
2000,20085,1399.866,.9495167,4.933585,5,5.375704,4.764716,1091.233
2000,20087,1697.779,.3330088,5.692857,146,5.278115,3.982015,968.6332
2000,20115,2134.89,.0841837,8.471836,50,5.279859,4.031909,983.9268
2000,20134,1218.208,.9002826,4.617548,11,5.492889,5.69042,860.9227
2000,20136,1838.816,.9673321,7.751371,62,5.346943,5.522437,888.6652
2000,20143,12895.85,.2914798,5.733274,64,5.600759,4.594219,1087.764
2000,20150,2539.624,.0363496,8.707154,17,5.13424,4.1189,934.7919
2000,20153,1249.691,.0556309,4.773314,23,5.464167,4.753871,1080.629
2000,20156,1473.871,.8077906,4.861804,52,5.165233,5.183443,942.3073
2000,20166,1217.593,.291866,5.465653,2,5.491753,5.589991,883.2126
2000,20174,2510.125,.1761827,8.261011,94,5.319753,4.007333,978.6702
2000,20176,2080.523,.017199,7.984496,19,4.983529,4.146926,895.0924
2000,20177,1680.598,.2557905,6.958862,83,5.368033,4.03535,893.7984
2000,20184,2442.58,.1643392,7.400046,12777,5.528909,5.314994,871.23
2000,20185,2536.919,.039916,8.142547,19,5.562808,5.079488,1017.535
2000,20190,1833.399,.6114286,5.763397,79,5.476822,5.277734,959.4774
2000,20232,1152.691,.826284,5.742935,6,5.517775,5.684858,866.8111
2000,20248,1163.967,.9730849,4.035445,23,5.615852,4.421636,1089.64
2000,20269,3779.423,.7314149,8.906667,6,4.982536,4.572857,966.3329
2000,20277,1874.654,.0806773,7.322752,646,5.245934,4.512191,1029.317
2000,20278,1015.111,.8228308,4.523789,24,5.540057,5.396455,841.9014
2000,20280,1045.867,.7934066,5.630243,6,5.282243,5.087847,941.7225
2000,20298,1372.891,.4643766,6.161207,60,5.073733,4.379363,984.7717
2000,20309,1206.917,.8395155,5.770946,18,5.518974,5.629592,850.9056
2000,20314,1873.534,.055814,5.975728,16,5.360721,4.629731,1050.644
2000,20318,2688.818,.0742089,7.794716,35579,5.567315,4.5082,1091.75
2000,20324,2338.877,.1156828,7.073222,13483,5.55458,4.4914,1113.698
2000,20327,1408.798,.0623441,5.726038,493,5.586002,4.838046,1104.192
2000,20334,1541.532,.0780156,5.103471,799,5.59172,4.742888,1077.124
2000,20337,1841.838,.9343066,6.042635,87,5.052604,4.725298,980.9908
2000,20338,2564.963,.0856833,9.084658,217,5.253078,4.022601,955.114
2000,20343,1473.235,.4352941,5.927052,5,5.247024,3.953378,979.8633
2000,20350,2679.747,.1298327,9.46952,1611,5.265564,4.009351,972.5402
2000,20356,1294.661,.9552495,5.354724,12,5.103739,4.152232,978.1901
2000,20364,2393.674,.1149425,5.571843,5025,5.399467,4.804713,1066.024
2000,20385,2667.687,.1501198,8.088505,146,5.308358,4.031179,974.9333
2000,20390,2904.182,.1678706,9.67275,942,5.299031,3.983679,970.2793
2000,20397,2642.222,.4165943,8.523192,1251,5.072484,4.465612,949.63
2000,20401,1933.606,.089922,6.469497,15272,5.579595,4.385073,1102.05
2000,20405,1741.444,.1804511,6.560694,11,5.116631,4.171613,909.3615
2000,20413,3013.611,.0798437,8.657113,230460,5.572595,4.400771,1114.88
2000,20418,2441.277,.1100135,7.433616,8,5.526746,4.149854,1047.263
2000,20447,3293.44,.1434196,5.427056,4,5.500628,4.994312,1001.054
2000,20451,299.7567,.9704918,3.323432,14,5.033823,4.080571,903.2284
2000,20467,1788.396,.3384138,5.55724,474,5.591785,4.876367,1063.992
2000,20469,3488.455,.692185,5.355042,570,5.252604,4.811841,955.4101
2000,20482,2298.276,.2385387,6.658255,3561,5.625041,4.835614,1055.853
2000,20485,2327.264,.0153846,4.552778,19,5.645722,4.668389,1054.456
2000,20486,1478.282,.0215827,7.183594,13,5.025524,4.082916,901.0371
2000,20500,1569.115,.313093,7.178641,16,5.221256,4.680405,991.4287
2000,20515,1837.618,.145308,7.394134,5928,5.562537,4.151051,1080.964
2000,20520,1976.263,.2919192,6.653975,218,5.315654,4.188043,901.368
2000,20525,1342.614,.0462072,5.486826,140,5.554123,4.753404,1081.081
2000,20526,1843.014,.5847526,6.005565,43,5.471943,4.79822,1076.894
2000,20540,2689.777,.0395981,8.179344,294,5.079518,4.076871,898.5469
2000,20545,1855.419,.2410979,7.454826,338,5.379125,4.007435,852.7053
2000,20551,2447.104,.287187,7.633283,347,5.242152,4.008402,994.5206
2000,20553,2537.63,.2348928,6.980382,490,5.13835,4.158567,967.6664
2000,20557,2081.561,.8376068,6.65659,25,5.594042,4.350324,1064.98
2000,20559,1361.59,.2642234,5.899089,49,5.416609,5.704645,893.1802
2000,21002,1552.74,.0609511,5.749156,10,5.449932,4.962005,631.3978
2000,21003,2005.203,.0286889,7.218596,761,5.422895,4.090654,849.6402
2000,21004,2195.895,.0086109,6.442914,203,5.139054,4.021057,751.6527
2000,21006,3061.325,.872788,4.1009,85,5.140277,5.104775,642.032
2000,21015,2294.888,.0407113,7.295601,1486,5.040492,4.314047,751.3453
2000,21019,2344.464,.0287261,7.599083,19032,5.224062,4.312341,772.2635
2000,21025,2805.665,.3001002,7.008299,128,5.437915,5.175893,633.9521
2000,21036,988.2365,.9284512,4.462841,12,5.023974,5.016387,834.0299
2000,21039,3371.647,.5908563,7.434587,108,5.114625,4.900494,653.9939
2000,21043,1309.134,.8231825,5.705804,1517,5.333208,5.511864,640.2189
2000,21045,1569.426,.0068337,5.966102,361,4.833313,4.172406,756.0926
2000,21047,2254.622,.0184679,7.779039,186,5.485645,4.230484,842.5573
2000,21051,2040.904,.0058722,6.465665,30,5.469323,4.156909,817.3696
2000,21053,1530.127,.0121632,6.05076,3657,4.842474,4.062623,667.1838
2000,21054,1386.487,.2509969,4.722883,10,4.795835,4.297213,672.4083
2000,21058,1088.149,.0931002,3.868497,22,4.764519,4.580754,725.3015
2000,21059,2111.786,.0127932,7.754023,187,5.469656,4.311222,843.1778
2000,21060,2089.257,.0226244,6.133028,9,5.002396,4.32566,746.2946
2000,21064,1158.272,.1955364,5.409301,41,5.476979,4.772043,566.4368
2000,21067,1765.292,.0253968,5.676777,165,4.941018,3.689491,718.6476
2000,21068,1104.135,.8570689,4.277306,70,5.382644,5.430477,631.2626
2000,21071,1879.416,.3247572,6.925168,1983,5.072354,5.075573,628.4023
2000,21072,1039.148,.9308738,4.241476,30,5.380652,5.471858,632.4241
2000,21074,2125.968,.0278921,8.322781,208,4.960449,4.291494,742.9998
2000,21081,1918.176,.0168675,5.767088,4,5.484516,4.237347,870.7491
2000,21082,2328.475,.013766,9.136959,105,5.176538,3.953883,812.0831
2000,21085,2434.419,.0233924,7.254069,2371,5.450515,4.212529,815.6907
2000,21088,862.0938,.8782862,4.075413,19,5.41023,5.374826,634.6786
2000,21091,2142.327,.1667294,7.694716,487,5.175208,5.302475,621.5229
2000,21094,1529.97,.0289224,6.854788,624,4.951183,3.865642,702.3765
2000,21107,867.586,.9521623,3.91927,74,5.372802,5.479268,631.451
2000,21108,1870.092,.0032955,6.899079,209,5.034734,3.69141,717.7945
2000,21109,1148.563,.3894021,5.030631,498,5.198954,5.159008,615.46
2000,21110,1285.141,.0111724,4.31894,17,5.032171,3.664573,771.9388
2000,21111,2110.698,.7726362,4.195273,5,5.464419,5.046411,584.0029
2000,21113,4461.179,.0099889,6.710024,198,5.475358,4.292901,856.1685
2000,21114,3479.509,.0452748,9.887076,368063,5.09707,4.264752,756.81
2000,21116,943.7258,.0131757,4.056049,3,5.020602,4.94519,726.1341
2000,21117,1911.088,.0135891,7.113076,260,5.054121,4.007333,727.4753
2000,21119,3457.458,.1064843,8.161592,13136,5.134245,4.2479,756.5084
2000,21132,2413.412,.0173465,8.447021,4304,5.030972,4.093435,731.4657
2000,21136,3655.25,.0039175,8.849106,181,5.084224,4.185514,740.3344
2000,21140,2970.861,.0216058,8.57617,8381,5.099996,4.250165,751.7327
2000,21142,1712.876,.0039628,5.408088,404,5.028713,3.88537,736.9268
2000,21154,2158.829,.0117729,7.310071,1943,5.168002,3.884558,769.8939
2000,21155,1845.223,.0650558,5.55642,553,5.485736,4.303916,863.3593
2000,21156,2913,.1391193,7.508975,26989,5.142027,3.769777,813.1087
2000,21157,2086.426,.0035414,6.196558,140,5.475151,4.25409,830.2322
2000,21158,1475.928,.1840855,6.231334,52,5.475907,4.931308,622.345
2000,21164,2297.338,.007841,7.14098,1702,5.10077,4.149113,753.8624
2000,21166,1345.572,.240458,4.612298,150,5.387501,4.237453,791.3832
2000,21169,2025.871,.0208976,6.533946,36,5.26805,3.985104,811.0695
2000,21172,2823.256,.0715773,5.522396,570,4.994377,4.427268,664.4585
2000,21173,1708.515,.2154097,8.39059,60,5.048106,4.886926,659.3027
2000,21174,2280.107,.1088282,7.624982,5370,5.10951,5.187884,658.2504
2000,21177,1538.742,.2614371,5.329005,62,5.110991,3.757777,791.9453
2000,21178,1095.012,.1967655,4.804705,36,5.317829,5.288936,604.6105
2000,21179,1082.919,.0089042,5.915332,434,4.702803,4.486993,738.8422
2000,21186,2555.489,.1598268,7.146447,112,5.055933,4.968583,660.7212
2000,21187,1018.396,.1195595,4.723788,21,5.291038,5.309034,602.7469
2000,21191,2462.376,.0156993,5.840535,222,5.432223,4.297167,872.8755
2000,21194,1581.367,.0929956,6.032969,149,5.46298,5.043798,587.9045
2000,21197,1657.008,.1118813,5.845598,8199,5.353003,5.313687,609.3574
2000,21202,875.1686,.9326406,4.276654,11,5.200493,5.304522,650.4932
2000,21207,1563.348,.4791667,6.572636,1035,5.036837,4.854735,659.5574
2000,21208,1910.461,.094173,7.116194,1246,4.959867,4.461392,649.967
2000,21210,1095.533,.7402886,5.523641,56,5.301581,5.519613,643.4744
2000,21211,1936.707,.0741725,7.914222,268,4.924901,4.357748,671.3193
2000,21214,1279.62,.7597898,5.020477,60,5.379109,3.623639,828.0731
2000,22001,2013.006,.0955736,6.243889,1408,5.005941,4.169957,676.1782
2000,22002,2310.525,.0042796,5.969517,369,5.244389,4.132758,559.4714
2000,22003,2535.098,.0260398,5.995927,979,5.357406,4.178247,532.1463
2000,22004,2613.548,.0105133,6.949504,520,5.160069,3.896553,598.5378
2000,22005,2183.011,.0039089,6.172729,62,5.133855,3.829982,614.769
2000,22006,12898.3,.0175784,8.751814,2234,5.171511,3.986516,654.715
2000,22007,2345.429,.0129686,6.576959,1459,5.151211,3.75845,619.2548
2000,22009,2243.911,.0346251,6.472015,2687,5.367346,4.643061,528.2645
2000,22011,2615.688,.0061103,6.631212,4337,5.149754,3.836717,624.6667
2000,22012,3032.687,.0065864,7.687386,336,5.146486,3.994321,647.0978
2000,22013,2155.021,.0039355,6.76747,33,5.247072,3.802249,570.7087
2000,22014,6050.973,.0140792,9.756597,246278,5.171543,3.845121,629.9158
2000,22015,4226.936,.0046323,8.325437,674,5.243361,4.082747,574.7037
2000,22016,3266.992,.0069021,8.421776,71417,5.116436,3.980204,652.7841
2000,22017,2473.566,.0096454,7.060771,28351,5.16251,3.78961,632.0945
2000,22018,2202.054,.6291262,5.289413,220,5.20402,3.694941,592.7998
2000,23001,3493.707,.2193732,8.482002,540495,5.560772,4.732328,1205.875
2000,23002,1918.755,.8051798,7.413667,1734,5.554199,4.625438,1158.51
2000,23003,3131.476,.2252922,8.006754,26103,5.533009,4.4334,1146.629
2000,23004,2696.292,.1380779,8.229088,37536,5.542925,4.635334,1193.893
2000,23005,4376.371,.1932984,9.171104,5229616,5.538831,4.546664,1161.305
2000,23006,1820.932,.7004396,7.251588,297,5.548544,4.56263,1098.324
2000,23007,1528.61,.7569353,6.1081,84,5.529648,4.603292,1127.261
2000,23008,3639.362,.366722,8.390257,752524,5.544195,4.626405,1154.599
2000,24003,2128.646,.5307276,5.167022,336,5.449139,5.051365,484.7505
2000,24005,2436.527,.0214477,6.488584,409,5.340728,3.923976,472.0748
2000,24006,1781.371,.0098417,6.7127,2005,5.119782,3.32121,362.2619
2000,24007,2108.138,.0130949,7.589319,371,5.147666,3.409053,315.2578
2000,24008,2180.927,.0060916,7.195837,537,5.361624,3.856357,448.2074
2000,24010,2165.118,.0108857,7.671575,217,5.341772,4.056621,426.8755
2000,24012,1523.516,.5252244,7.231477,14,5.503391,5.048086,489.1312
2000,24013,2334.27,.0518952,8.068857,24051,5.467019,4.743741,443.4821
2000,24014,1405.9,.8073722,6.128623,66,5.488975,5.173857,499.7131
2000,24015,2506.543,.0066359,8.075851,402,5.12074,3.400893,405.822
2000,24016,1914.792,.0957016,6.4162,500,5.511576,4.292809,415.5251
2000,24017,3376.272,.0193182,6.323758,131,5.308963,3.618195,406.2499
2000,24020,2381.851,.0070622,8.188615,21399,5.250197,3.562854,351.9443
2000,24022,2093.439,.0385728,6.964309,26,5.183012,3.448531,455.2609
2000,24024,2939.148,.0154181,7.385381,6809,5.352685,3.855425,487.5754
2000,24025,2228.105,.0035743,7.248361,610,5.133741,3.283084,472.3342
2000,24028,3639.965,.0104857,10.09787,180010,5.17653,3.436804,492.682
2000,24032,1869.579,.0185991,6.8665,1308,5.179749,3.728656,528.001
2000,24033,2086.737,.0097425,6.561674,14,5.131468,3.359188,425.4477
2000,24034,1242.767,.3856683,5.877809,25,5.515646,4.517059,460.7903
2000,24035,2829.235,.005093,8.254608,944,5.185517,3.401719,488.5189
2000,24036,1844.676,.2776501,5.541071,168,5.407834,4.680591,468.9542
2000,24037,1582.835,.3332661,6.758705,3985,5.470907,5.09432,525.196
2000,24040,2121.618,.0571571,6.839063,5580,5.516182,4.460463,433.624
2000,24045,2039.549,.0024015,6.674129,248,5.17046,3.488204,432.9332
2000,24049,1885.751,.0090039,5.000853,38,5.135705,3.33988,476.5845
2000,24050,2035.128,.0056579,6.342631,252,5.15814,3.524269,536.3663
2000,24051,1921.733,.0021558,6.882982,6,5.231297,3.598004,443.92
2000,24053,1521.575,.5641978,7.328421,158,5.514188,5.081872,507.9243
2000,24054,1438.992,.6876318,6.535599,931,5.332855,5.108004,516.9734
2000,24056,2229.236,.0049648,5.513293,92,5.238019,3.560792,446.8858
2000,24057,1112.138,.7500927,5.798584,31,5.477294,5.134473,517.3029
2000,24058,2202.603,.0326109,7.15806,466,5.403903,4.759224,410.0583
2000,25001,3151.148,.0078635,9.158521,73074,5.499851,3.277255,601.9969
2000,25002,3143.971,.0038043,7.588004,280,5.512221,3.877994,610.8871
2000,25003,2329.601,.0021008,5.711787,149,5.385899,4.42922,527.0912
2000,25004,3530.123,.0017884,6.368696,339,5.43982,4.47568,670.2619
2000,25005,2536.56,.0071685,6.221537,572,5.506348,4.321232,600.071
2000,25006,3543.922,.0051028,9.383516,117238,5.518507,4.028454,606.4353
2000,25007,2020.365,.0124135,6.595764,306,5.443304,4.228592,492.9384
2000,25008,2176.391,.2974998,4.163241,221,5.528448,3.998301,645.3983
2000,25009,2263.913,.0025673,7.610105,2930,5.502067,4.426707,730.1788
2000,25010,2201.112,.0816825,6.992992,5105,5.487917,3.851317,554.1024
2000,25011,2317.648,.0258404,7.266254,15166,5.515411,3.518942,603.3113
2000,25012,3221.066,.0117699,9.177511,889010,5.49211,4.269258,678.0344
2000,25014,2403.548,.0065329,7.436567,2495,5.477224,4.454009,699.7924
2000,25015,2742.681,.003974,8.602839,11565,5.503533,3.863463,583.0082
2000,25016,2393.575,.0101498,6.198483,442,5.435351,4.383618,632.8983
2000,25017,2046.048,.0121029,6.921657,136,5.459033,4.189841,537.8653
2000,25018,2350.527,.1742652,5.835361,1359,5.524716,3.871372,626.538
2000,26001,2576.388,.1350919,7.359184,82,5.303762,3.727315,170.8337
2000,26002,6128.503,.0217187,8.18091,26903,5.095602,3.381625,25.50109
2000,26003,1835.202,.0455622,6.517068,5175,5.445132,4.005252,474.4361
2000,26004,3960.974,.0157632,7.485825,641,5.271189,3.257831,44.68473
2000,26005,2701.402,.0099502,7.193878,21,5.273973,3.9871,273.0357
2000,26006,2482.301,.0043178,7.362599,117,5.191273,3.78317,102.6388
2000,26008,1795.112,.0117647,7.130435,37,5.233996,3.819462,165.3034
2000,26011,3668.56,.004717,6.980815,172,5.146254,3.666025,73.90589
2000,26013,2988.87,.0074488,7.524621,80,5.259752,3.800968,141.4248
2000,26014,2155.679,.0058224,7.484375,89,5.358494,3.664802,189.9181
2000,26017,3425.324,.0170264,7.936733,11584,5.333237,2.690197,101.5832
2000,26018,4641.934,.0136045,9.375184,72765,5.515085,3.447514,392.717
2000,26019,4239.886,.0065876,9.053201,9872,5.05602,3.723559,38.42068
2000,26020,3132.653,.0182353,7.230861,7,5.350917,3.354305,179.1895
2000,26023,3099.97,.0059102,8.132177,134,5.259568,3.742404,140.7832
2000,26025,2792.848,.0130847,8.340181,990,5.505791,2.960877,368.6723
2000,26027,3540.816,.0146232,7.558244,382,5.099724,3.53967,54.01565
2000,26028,3786.55,0,7.585284,802,5.341719,3.792228,174.766
2000,26029,3280.8,.0851228,8.475032,119679,5.491163,3.25631,353.8367
2000,26030,4288.004,.0206745,9.614093,219435,5.451017,2.910683,259.1646
2000,26032,6169.22,.0095541,9.207792,288,5.276693,3.763643,150.9758
2000,26033,2323.533,.2350775,7.779454,485,5.489089,3.295154,518.7772
2000,26034,6519.307,.0056338,7.974063,114,5.28499,3.773676,155.9431
2000,26035,2570.36,.0094493,7.305741,456,5.134534,3.831592,54.03664
2000,26036,3282.11,.0034209,8.198752,4776,5.23585,3.586738,66.88516
2000,26038,3776.378,.0026264,9.001343,403,5.313877,3.781187,178.3679
2000,26039,4527.627,.0159102,8.359282,2649,5.064054,3.511732,11.64456
2000,26040,2443.532,.0016103,6.421568,15,5.179696,3.902758,188.5215
2000,26041,3731.817,.0249178,8.41674,5130,5.167847,3.660426,94.22291
2000,26042,2989.832,.0241937,8.864259,15204,5.514172,3.489446,471.6167
2000,26043,4955.574,.0135698,8.987012,84580,5.082838,3.750879,14.89245
2000,26047,3942.729,.1073886,7.950728,24,5.324344,2.886884,177.9361
2000,26048,3980.023,.026708,8.221254,78661,5.355072,2.312074,52.01037
2000,26050,3130.915,.0166052,7.486641,12,5.337636,3.697101,175.4121
2000,26051,2408.215,.0227101,6.511943,102,5.401749,4.075829,366.1565
2000,26052,2387.129,.0135287,7.247031,547,5.276105,3.959538,257.8357
2000,26055,4658.521,.0145328,8.408382,26752,5.39821,1.789569,35.41364
2000,26058,3212.747,.0078142,8.647097,3021,5.262026,3.466421,97.95558
2000,26059,2838.098,.0094787,7.270732,12,5.046871,3.829102,15.62284
2000,26066,2609.214,.007085,7.973537,370,5.407642,3.673001,221.1192
2000,26067,2458.271,.0159091,6.845794,7,5.252339,3.658498,122.2768
2000,26069,2764.405,.0904926,5.698204,365,5.213095,4.232649,323.0963
2000,26070,5851.159,.0262152,7.350571,2910,5.346335,2.778584,19.68556
2000,26071,2546.323,.0577082,7.929968,277,5.512239,2.784312,468.4716
2000,27001,3116.085,.0234582,6.500721,670,5.574183,5.029912,1080.317
2000,27002,2265.601,.012585,7.208259,9794,5.55948,5.142335,928.1323
2000,27003,2452.656,.0720066,7.995634,3647,5.567241,4.999228,958.8293
2000,27004,3172.18,.0428444,9.488119,276936,5.583118,5.135712,980.0222
2000,27005,1984.7,.011112,7.379201,9542,5.572475,5.071865,930.0515
2000,27006,1576.271,.0069883,6.721954,337,5.578526,5.093213,956.324
2000,27007,2172.981,.0194078,7.586121,3984,5.584146,5.144919,1069.468
2000,27008,1812.914,.0183392,6.358444,1174,5.550756,5.330988,960.9559
2000,27009,2038.852,.0251237,7.379959,67,5.57,5.328643,1007.719
2000,27010,1861.338,.0301048,8.109471,99,5.582221,5.026784,949.1583
2000,27011,2102.038,.0917431,7.26581,407,5.585432,5.093847,1008.829
2000,27012,2500.814,.0928531,7.616622,2527,5.579996,5.28408,1015.613
2000,27014,3007.624,.0135836,7.761125,8812,5.572867,5.034858,927.0344
2000,27015,1998.982,.0605377,8.676533,2,5.548396,5.586139,1033.568
2000,27016,1828.012,.0161901,6.247612,2423,5.555855,5.624626,1013.83
2000,27017,1960.632,.0533711,6.475426,1980,5.56984,5.150722,1116.825
2000,28001,2266.641,.0063523,7.237318,162,5.474395,4.001095,206.2845
2000,28002,3128.733,.021698,6.788857,766,5.447021,4.378866,318.7579
2000,28003,4780.071,.0274131,8.819587,6369,5.480657,4.368903,369.4519
2000,28004,1701.906,.0120762,6.401354,423,5.450208,4.62189,394.9069
2000,28005,3837.186,0,6.088889,1,5.437607,4.073661,139.494
2000,28007,3532.543,.003545,7.571973,1019,5.465863,3.814855,16.41751
2000,28008,1663.491,.0153341,6.114537,45,5.450269,4.209659,280.2769
2000,28009,4362.148,.0153,10.48189,56166,5.472599,4.543627,394.3501
2000,28011,1641.059,0,6.352358,15,5.387933,4.532727,350.0547
2000,28012,4251.7,.0145046,6.261259,3524,5.51461,4.243213,355.3193
2000,28014,4019.507,.0018282,7.348097,1024,5.440409,3.73106,10.32656
2000,28015,2710.783,.0024022,7.285615,721,5.460024,3.880776,11.06275
2000,28016,2086.687,.0038198,6.985613,150,5.406681,4.167578,235.9213
2000,28017,2111.846,0,7.485959,164,5.248238,4.021181,308.8746
2000,28018,2107.981,.002963,7.118279,347,5.46045,3.963412,200.0913
2000,28019,1892.838,.0032729,7.18577,76,5.477696,4.204049,313.6588
2000,28021,2530.715,.0057417,8.743935,10395,5.515676,4.446926,387.2272
2000,28022,4139.209,.0121166,8.939891,90302,5.445141,4.068546,27.39611
2000,28024,3976.743,.0012484,7.88547,1667,5.439353,3.802583,14.36133
2000,28025,3762.214,.0057412,8.09818,6907,5.456143,3.76688,17.47927
2000,28027,4700.458,.014511,8.758181,81279,5.445986,3.620298,14.56162
2000,28032,4356.207,.0136885,9.141788,104873,5.448275,3.912072,31.43134
2000,28033,3150.875,.0110997,7.643317,6874,5.449375,3.954082,32.41521
2000,28034,2115.107,0,6.7125,48,5.416074,4.07336,190.4298
2000,28035,2482.105,.0042256,6.924348,4802,5.456724,4.001534,117.4432
2000,28037,2530.577,.0171436,6.856501,1865,5.465464,4.274393,234.9721
2000,28038,3527.847,.0216276,9.791415,156843,5.477242,4.465274,395.3182
2000,28039,2761.414,.000495,8.151323,206,5.300106,3.866347,377.9142
2000,28040,4608.827,.0046749,8.075624,3035,5.448482,4.016877,36.59077
2000,28041,3258.754,.0027038,10.10592,52439,5.399433,4.129488,277.466
2000,28043,2291.977,.0054276,7.798548,17,5.536668,4.402317,343.936
2000,29001,1896.317,.0295359,8.766218,76,4.989909,4.24188,718.0598
2000,29002,2719.717,.0231677,9.838789,43,5.006042,4.2332,719.3693
2000,29005,2445.518,.0293864,9.288742,9896,4.955175,4.151915,710.748
2000,29006,2345.245,.0067016,8.093291,726,4.861157,4.073223,702.1763
2000,29010,2242.343,.0494314,8.682702,1447,4.920518,4.307473,725.4495
2000,29013,1690.097,.0101982,7.543033,1586,4.931615,4.10195,718.9859
2000,29019,2010.936,.0108249,8.079904,385,5.049609,4.057787,729.3384
2000,29021,1724.343,.0127005,7.293865,26,4.818583,4.176121,708.2331
2000,29026,2101.194,.0348567,8.317684,27006,4.97795,4.227692,718.5054
2000,29033,3219.369,.0213657,10.96028,19003,5.022028,4.245813,724.475
2000,29034,1746.784,.0072932,6.551451,435,4.843625,4.083289,689.6958
2000,29036,2636.204,.0205545,9.728679,370,5.005919,4.248495,721.6932
2000,29043,2128.131,.0070727,8.11023,8954,4.961206,4.222632,713.6108
2000,29044,2209.455,.0164916,8.577131,49,5.080317,4.189655,737.4389
2000,29048,6414.483,.0496092,8.42789,17,5.010243,4.29207,727.3865
2000,29050,1952.133,.2405498,7.225695,11215,4.69447,4.42675,728.5702
2000,29058,2394.282,.0148026,8.802665,79,5.057403,4.249793,736.9654
2000,30003,2960.623,.0403393,7.595048,15821,5.531746,4.832108,893.3046
2000,30004,2010.847,.0061141,5.796739,292,5.489938,4.430244,698.9016
2000,30009,2621.765,.0167486,7.152575,217,5.407221,4.614407,679.4027
2000,30010,1539.285,.0188006,5.328467,269,5.147055,4.955707,668.4509
2000,30011,2071.196,.0092634,6.247414,1614,5.568045,4.900648,791.5195
2000,30013,2347.141,.0777614,7.564829,1294,5.485895,4.771283,499.2991
2000,30015,1646.117,.0078414,5.400267,209,5.545192,5.317974,823.2879
2000,30016,2739.731,.0110814,8.505974,6271,5.541115,4.60073,727.8369
2000,30017,2466.639,.1258537,7.531406,173,5.463985,4.361639,720.056
2000,30026,2328.693,.0112472,8.163244,1765,5.157064,4.952028,690.3469
2000,30028,4538.254,.0207672,9.131115,215499,5.542309,4.908069,751.913
2000,30030,2335.348,.1484854,8.21996,974,5.128952,4.706643,777.0874
2000,30032,1836.469,.0248606,5.966594,5637,5.455941,5.465154,851.1118
2000,30033,1776.979,.1664193,6.185072,36,5.490395,4.589124,564.5361
2000,30034,2855.075,.0157937,9.495692,1029,5.470552,4.767141,513.6854
2000,30038,1984.849,.0294705,7.040268,4622,5.243878,4.882466,705.7509
2000,30039,3120.999,.0533165,8.731837,80564,5.54264,5.318856,903.0208
2000,30040,2042.981,.0995844,7.859462,370,5.486617,4.785236,596.2501
2000,30044,2383.142,.0331874,8.439062,40213,5.300108,5.170599,762.4694
2000,30045,2227.847,.0413771,7.379312,3851,5.556395,4.909684,843.3495
2000,30047,1400.148,.0180223,5.390788,294,5.089139,4.981122,748.3461
2000,30048,2624.362,.0878518,8.309221,2546,5.556747,5.288675,909.4703
2000,30050,1385.583,.8047506,5.306492,10,5.481619,5.034339,619.7508
2000,30051,1137.339,.4947034,5.177537,55,5.472731,5.138093,606.5203
2000,30054,1617.392,.0152181,5.749825,60,5.560138,4.877007,856.0297
2000,30055,1940.339,.4811238,6.806138,48,5.497321,4.758895,519.9721
2000,30058,1986.074,.4586562,8.727108,596,5.477709,4.732064,536.5489
2000,30061,2522.172,.0407145,6.470134,2167,5.53085,5.463367,980.9488
2000,30063,1795.256,.3855124,6.245028,26,5.472715,4.692075,493.8863
2000,30065,1920.892,.0132177,6.733691,73,5.37839,4.527135,708.2594
2000,30066,1289.959,.1685458,6.155715,8,5.490087,4.860864,612.8624
2000,30068,2200.727,.0263821,7.268847,7880,5.319912,5.154841,765.5262
2000,30069,1518.725,.0481839,7.132195,551,5.485682,4.747595,594.693
2000,30070,1205.701,.0442671,5.400959,40,5.542319,5.441313,956.6473
2000,30071,1571.827,.0809757,5.351021,5831,5.257061,5.064101,739.9253
2000,30072,1335.762,.0253036,5.576543,245,5.024787,4.689886,596.0293
2000,30075,1499.074,.0154426,5.011333,51,5.569105,4.735946,803.9297
2000,30077,1810.677,.0064217,5.591863,3191,5.554845,4.751054,875.3956
2000,30083,1032.305,.8417478,4.77366,15,5.471785,4.9059,566.9824
2000,30085,2045.582,.0816381,7.132495,406,5.312969,5.139512,770.9963
2000,30086,1407.438,.0037584,5.381527,5,5.032397,4.813028,669.2591
2000,30087,3035.852,.0126196,9.868723,78916,5.234155,4.848932,695.4642
2000,30088,1355.792,.0039894,5.2213,932,5.421724,4.488153,719.0668
2000,30089,1694.443,.076972,7.300372,452,5.552959,5.159986,920.2335
2000,30091,1731.494,.059719,5.6051,620,5.527714,5.403468,962.8984
2000,30092,1517.242,.0153042,5.561027,51,5.011122,4.940467,704.9793
2000,30094,1664.502,.0574356,4.862496,432,5.535972,4.734848,890.6544
2000,30095,1456.389,.0034552,5.091344,81,5.381148,4.787851,667.3929
2000,30097,2911.235,.0003864,7.20222,1577,5.569478,5.21966,814.7488
2000,30102,2142.488,.0198448,7.282692,8298,5.493599,4.750219,629.5576
2000,30103,905.0403,.975,3.728417,5,5.423254,5.359123,620.8283
2000,30105,2154.081,.0046806,6.539976,100,5.551457,4.774665,765.2974
2000,30108,2867.499,.0679585,8.464591,15343,5.548791,5.401767,947.4562
2000,30109,1688.118,.0085147,7.130275,625,5.435674,4.981335,649.427
2000,30111,2077.731,.0257119,6.047805,41,5.53955,5.33415,922.5709
2000,30112,1511.439,.0042201,6.113664,14,5.228037,4.796823,686.0082
2000,30114,1999.574,.0680287,6.988197,339,5.530712,4.892399,634.3797
2000,30115,2150.117,.0300493,7.78029,108,5.137306,4.606835,773.1238
2000,30118,2548.2,.0682572,9.119584,18921,5.255468,5.076042,770.0708
2000,30119,1637.382,.0385714,6.296512,420,5.542212,5.065754,856.9723
2000,30121,1910.953,.0091005,5.196223,158,5.491631,4.587564,455.7378
2000,30123,1886.247,.0257423,6.553775,2205,5.500959,4.348042,419.1387
2000,30124,1645.703,.2979078,6.87423,4726,5.484156,4.66398,598.0132
2000,30125,1819.155,.0435474,5.693328,80,5.489742,4.694052,763.5882
2000,30126,2436.404,.0111413,7.001013,311,5.536337,4.518623,732.7741
2000,30128,1746.544,.004787,6.653529,2747,4.822848,3.980379,695.3458
2000,30129,1457.106,.335757,5.214863,121,5.507231,4.672377,510.0528
2000,30130,1716.715,.252159,5.366496,402,5.536732,5.118523,907.7248
2000,30131,2906.25,.0571743,9.24095,52407,5.492509,4.528395,584.765
2000,30134,1701.292,.0071863,5.702023,614,5.503482,4.474739,725.2804
2000,30135,1021.335,.7021818,4.93492,70,5.216463,4.979746,775.9363
2000,30138,2378.548,.0259534,8.708426,1374,5.21972,4.908754,771.1585
2000,30141,1627.844,.0106705,6.309536,6552,5.473899,5.261871,842.1713
2000,30142,1460.864,.0228068,5.295867,31,5.527724,4.892437,918.8615
2000,30143,1237.784,.0023966,4.886662,292,5.538513,5.014682,844.8677
2000,30144,1575.534,.2565902,5.922087,70,5.531726,5.065291,929.0209
2000,30148,1677.122,0,5.609532,135,5.547696,4.469623,754.3532
2000,30151,1175.194,.018018,6.082924,174,5.491606,4.750008,497.3613
2000,30152,1582.204,.0124539,5.732017,400,5.486475,4.582727,431.508
2000,30155,1627.442,.4134373,6.849157,2585,5.486407,4.598991,496.2765
2000,30157,1289.373,.2395194,5.164943,14,5.484408,4.572598,563.1931
2000,30158,1630.308,.0524124,6.648801,10334,5.499627,4.746397,601.8698
2000,30159,1378.311,.9835371,2.488077,10,4.988762,4.802551,806.2764
2000,30160,1729.269,.0951293,6.626224,1777,5.491912,4.563766,537.0844
2000,30161,1569.321,.0675204,5.884868,509,5.500998,4.525208,480.5338
2000,30164,1812.748,.0087215,6.20652,12,5.304286,4.917577,713.8137
2000,30169,1545.002,.0225373,5.16473,153,5.558396,4.841787,868.9009
2000,30170,1629.448,.7706612,4.763158,39,5.307578,4.985626,581.7408
2000,30173,1269.64,.230605,4.407322,230,5.454182,5.432551,802.5206
2000,30174,2354.876,.0315018,6.679466,2957,5.561695,4.763943,811.2997
2000,30175,1541.415,.0682271,6.263903,406,5.490072,4.542428,570.5602
2000,30176,1671.165,.0225256,5.29055,57,5.552459,4.964197,855.3478
2000,30177,9349.862,.0027248,6.05226,2,4.937869,4.832765,677.2779
2000,30178,1943.166,.0075652,6.698091,580,5.577395,4.93802,825.1571
2000,30181,1630.731,.0348107,5.852486,1671,5.557992,4.736672,790.6236
2000,30183,1541.026,.0251441,5.528059,1100,5.440974,4.994732,641.0107
2000,30189,2630.704,.030992,8.237725,30622,5.491365,4.594986,540.1492
2000,30192,1629.95,.0054585,5.32658,431,5.514143,4.817571,650.4125
2000,30193,3283.562,.0129594,9.487318,147282,5.538129,4.674745,742.7692
2000,30196,2388.879,.0109106,6.25733,58,5.442908,5.140725,775.1708
2000,30197,1359.444,.039039,4.701162,18,5.3398,4.917386,663.001
2000,30198,1119.819,.0730388,3.670664,6,5.115753,4.869707,596.3332
2000,30201,1008.012,.8184825,4.546506,57,5.34793,5.354177,793.7755
2000,30202,1285.552,.7665817,5.275,33,5.367429,5.004302,569.6588
2000,30204,3109.66,.0195097,8.059717,356,5.539745,5.280086,916.4727
2000,30205,2049.136,.034838,6.757778,129,5.506716,4.44572,461.8819
2000,30206,2702.325,.0513615,8.109409,262,5.544309,5.353568,910.5178
2000,30207,2515.461,.0777844,6.485064,2350,5.548721,4.973678,840.0652
2000,30208,2235.903,.014469,6.583239,276,5.569433,4.807669,845.4553
2000,31006,1405.815,.4922367,5.773902,48,5.548986,4.45946,1007.724
2000,31011,1686.765,.1838583,5.23995,1192,5.570863,4.131603,891.9349
2000,31027,1972.041,.1587302,7.817536,90,5.549915,4.181601,971.0726
2000,31028,1527.339,.1453634,6.864933,63,5.546405,4.190659,993.6015
2000,31033,1673.455,.8540958,5.155302,9,5.585613,4.424726,921.7912
2000,31040,1407.6,.5755491,5.959055,269,5.562178,4.468286,997.7824
2000,31041,1633.046,.4843861,6.100444,120,5.551535,4.399356,951.6631
2000,31048,1731.673,.5678815,7.471698,44,5.578619,4.428873,929.2167
2000,31050,2792.995,.229393,8.931661,336748,5.549548,4.296367,938.8503
2000,31052,1888.256,.3985263,7.042092,115,5.547719,4.292655,958.663
2000,31053,1515.032,.7016653,6.234787,8427,5.566591,4.429313,967.4634
2000,31056,1623.359,.8199968,6.112435,811,5.55049,4.475026,1006.48
2000,31057,1209.195,.5012382,5.12987,5,5.539743,4.388931,1029.848
2000,31058,1461.5,.8133166,6.384318,67,5.555577,4.579927,1066.867
2000,31059,2568.884,.1118288,7.70571,4842,5.540227,3.82104,885.0875
2000,31061,1842.518,.2212885,5.566634,24,5.535256,4.065038,1038.993
2000,31065,1555.572,.2399381,6.079316,156,5.539848,4.180031,1021.416
2000,31066,1279.541,.9037711,5.866048,13183,5.564756,4.461645,981.6956
2000,31079,1554.181,.816254,6.038575,793,5.544384,4.473017,1039.505
2000,31083,1793.158,.2693774,6.411067,2948,5.543595,3.959225,948.1052
2000,31089,1414.292,.6741034,6.724966,1083,5.55317,4.483056,988.1311
2000,31091,1639.975,.8833873,5.603432,27315,5.547307,4.609481,1050.31
2000,31093,1676.083,.2534017,7.202433,3033,5.551038,4.413846,961.0512
2000,31096,1840.43,.5907905,6.089188,1040,5.528982,4.452207,1076.161
2000,31101,4994.687,.3389229,6.801121,120,5.558135,4.38104,937.4116
2000,31102,1936.055,.6474891,7.041523,9809,5.535155,4.541851,1090.002
2000,32001,2122.945,.0012315,7.10817,7296,5.258193,4.071732,676.5052
2000,32004,2839.164,.002845,6.976912,18,5.084155,3.996054,706.4155
2000,32005,2984.381,.0036906,8.067723,933,5.09627,3.576325,528.8948
2000,32006,1944.671,0,7.111797,45,5.082009,3.484419,480.4963
2000,32007,2639.574,.003297,9.111405,71,5.199039,3.44319,304.2644
2000,32009,2446.876,.0095481,7.445551,73,5.024167,3.824512,585.2303
2000,32010,2913.04,.0039002,8.202192,13609,5.074024,3.593956,525.4373
2000,32013,2750.429,.0051326,7.114106,340,5.098359,3.575206,527.1342
2000,32014,2331.728,0,6.909051,187,5.201151,3.380148,447.9147
2000,32017,6130.896,.0019186,9.563471,8952,5.106852,3.531514,520.5978
2000,32019,2573.866,0,7.427361,240,5.266656,4.020962,658.4441
2000,32020,2293.98,.0005818,7.972498,3661,5.059658,3.603473,564.6077
2000,32022,2128.311,0,7.095989,466,5.170891,3.524067,481.1566
2000,32023,2295.083,0,6.747059,241,5.253742,4.093755,688.0891
2000,32024,2081.126,.0059102,6.96,393,5.11273,3.630491,538.1367
2000,32027,1806.462,0,6.00313,1,5.292151,3.432092,333.2499
2000,32028,2811.323,0,7.539197,5,5.259384,4.224494,717.0518
2000,32029,2577.379,.004085,6.762218,262,5.089022,3.633505,507.1762
2000,32031,2258.115,.0043243,6.740144,39,5.095802,3.818551,625.8062
2000,32033,2313.235,0,6.447205,10,5.302877,4.182536,706.5041
2000,32034,2039.432,0,6.57,223,5.138826,4.052085,668.799
2000,32036,2178.595,.0004593,6.933581,225,5.103802,3.579626,527.0537
2000,32038,2585.459,.0012524,6.684218,148,5.100465,3.533758,517.5973
2000,32039,2513.655,.0023778,7.577039,3634,5.158776,3.513463,489.5638
2000,32040,2009.387,.0019732,7.328013,3,5.111352,3.678093,521.0811
2000,32041,1628.872,0,5.961759,2,5.176462,3.404996,281.6576
2000,32042,2632.981,.0019457,7.148763,2067,5.029357,3.795015,546.1758
2000,32044,2648.923,.0077831,6.689057,440,5.259625,3.913036,627.041
2000,32045,2245.12,.0059666,6.256864,47,5.140532,4.076122,680.7975
2000,32046,2069.077,.0025253,7.141258,178,5.125436,3.700399,597.4022
2000,32047,2627.915,0,7.215827,152,5.128843,4.163154,709.55
2000,32048,2509.238,.0035199,6.921541,846,5.120815,3.995633,658.6736
2000,32049,2784.991,0,7.641282,723,5.086887,3.799793,616.5971
2000,32051,3008.422,.0091032,5.689168,70,5.131518,3.370291,438.2293
2000,32052,2596.831,0,7.733841,53,5.101094,3.651282,549.1832
2000,32054,2218.464,.0021739,6.496342,231,5.090001,3.484814,513.5629
2000,32055,3125.338,.0014822,7.286272,320,5.138123,3.842314,590.4453
2000,32056,3936.199,.0029423,10.13048,114312,5.066843,3.537297,542.1794
